workers,capacity,batch,work,messages,topology,rep,queue,runtime_ms,total_ms,mmsg_s,count,activations,input_parks,output_parks,p99_us,latency_samples
1,1024,1,2048,10000,4:4:4,0,PaddedFAA,260.971092,421.139625,0.15327368136237862,40000,120012,0,0,34.283,157
1,1024,1,2048,10000,4:4:4,0,Vyukov,263.891614,423.006371,0.1515773820686852,40000,120012,0,0,33.977239999999995,157
1,1024,1,2048,10000,4:4:4,0,PaddedFAA-broadcast,261.562115,423.426888,0.15292734576641576,40000,120012,0,0,34.65848,157
1,1024,1,2048,10000,4:4:4,0,FAA-cooperative,266.039758,425.859895,0.15035346709344097,40000,120012,0,0,34.6952,157
4,1024,1,2048,10000,4:4:4,0,FAA-cooperative,203.803243,362.418301,0.19626773063665134,40000,150121,21220,45898,6159.13984,157
4,1024,1,2048,10000,4:4:4,0,PaddedFAA-broadcast,186.84024,346.04081,0.2140866442903306,40000,150314,18075,25232,5486.1432,157
4,1024,1,2048,10000,4:4:4,0,Vyukov,189.559596,348.889909,0.21101543179064383,40000,151749,19574,29626,5752.902639999999,157
4,1024,1,2048,10000,4:4:4,0,PaddedFAA,192.350778,352.726268,0.20795340895371892,40000,152673,20007,29847,5830.9151600000005,157
1,1024,8,0,10000,4:4:4,0,PaddedFAA-broadcast,41.455116,201.429561,0.964899000644456,40000,15012,0,0,42.31856,157
1,1024,8,0,10000,4:4:4,0,Vyukov,41.411418,201.10765,0.9659171777213714,40000,15012,0,0,41.708439999999996,157
1,1024,8,0,10000,4:4:4,0,FAA-cooperative,47.718934,207.045221,0.8382416924904483,40000,15012,0,0,53.91383999999997,157
1,1024,8,0,10000,4:4:4,0,PaddedFAA,41.17405,205.353396,0.9714856809082419,40000,15012,0,0,42.927519999999994,157
4,1024,8,0,10000,4:4:4,0,Vyukov,56.275642,218.065517,0.7107870932862925,40000,23921,5219,9991,1518.14156,157
4,1024,8,0,10000,4:4:4,0,FAA-cooperative,35.047119,194.953633,1.1413206318042861,40000,16576,1694,1895,924.80624,157
4,1024,8,0,10000,4:4:4,0,PaddedFAA,56.589545,216.432741,0.7068443473083235,40000,23297,4985,9322,1564.57156,157
4,1024,8,0,10000,4:4:4,0,PaddedFAA-broadcast,56.31112,216.393607,0.7103392722432088,40000,24372,5710,10115,1527.9951999999998,157
4,1024,1,0,10000,4:4:4,0,FAA-cooperative,131.845932,291.533021,0.3033844077950012,40000,124024,4005,23053,3694.5737599999998,157
4,1024,1,0,10000,4:4:4,0,PaddedFAA-broadcast,137.892007,297.49975,0.2900820785065519,40000,124531,3263,10678,3788.49908,157
4,1024,1,0,10000,4:4:4,0,PaddedFAA,133.398971,294.531337,0.2998523879168453,40000,125229,3535,12619,3753.96636,157
4,1024,1,0,10000,4:4:4,0,Vyukov,139.532008,303.480116,0.28667257479731817,40000,124974,3531,11923,3874.62968,157
4,1024,1,256,10000,4:4:4,0,PaddedFAA,156.051778,316.490223,0.25632517945421934,40000,130425,6671,17170,4373.646559999999,157
4,1024,1,256,10000,4:4:4,0,PaddedFAA-broadcast,160.215089,323.399205,0.24966437462079494,40000,129252,6064,14817,4518.69992,157
4,1024,1,256,10000,4:4:4,0,FAA-cooperative,149.059868,308.787571,0.26834855375022876,40000,128583,7708,32388,4177.22584,157
4,1024,1,256,10000,4:4:4,0,Vyukov,156.792235,317.687343,0.2551146745245388,40000,130187,6668,16543,4413.103440000001,157
1,1024,8,256,10000,4:4:4,0,Vyukov,74.798138,234.674367,0.5347726704105923,40000,15012,0,0,55.526119999999985,157
1,1024,8,256,10000,4:4:4,0,PaddedFAA-broadcast,75.271103,238.406607,0.5314124332680498,40000,15012,0,0,84.22583999999996,157
1,1024,8,256,10000,4:4:4,0,PaddedFAA,75.056066,234.519937,0.5329349395956884,40000,15012,0,0,53.37236,157
1,1024,8,256,10000,4:4:4,0,FAA-cooperative,80.461085,243.674494,0.4971347328960329,40000,15012,0,0,99.01108,157
1,1024,1,0,10000,4:4:4,0,FAA-cooperative,64.814713,224.618404,0.6171438265876453,40000,120012,0,0,9.36148,157
1,1024,1,0,10000,4:4:4,0,PaddedFAA-broadcast,60.156765,219.282766,0.664929372448801,40000,120012,0,0,8.53732,157
1,1024,1,0,10000,4:4:4,0,Vyukov,59.04251,219.908623,0.6774779730739767,40000,120012,0,0,13.510039999999982,157
1,1024,1,0,10000,4:4:4,0,PaddedFAA,60.134945,219.046954,0.6651706424608853,40000,120012,0,0,8.74664,157
1,1024,1,256,10000,4:4:4,0,FAA-cooperative,93.572148,253.197696,0.4274776293475704,40000,120012,0,0,11.210359999999989,157
1,1024,1,256,10000,4:4:4,0,Vyukov,89.616651,249.573294,0.4463456238729564,40000,120012,0,0,8.50284,157
1,1024,1,256,10000,4:4:4,0,PaddedFAA,90.228917,249.421331,0.443316858164218,40000,120012,0,0,14.55759999999997,157
1,1024,1,256,10000,4:4:4,0,PaddedFAA-broadcast,87.90099,247.259069,0.4550574458831465,40000,120012,0,0,9.0636,157
1,1024,8,2048,10000,4:4:4,0,FAA-cooperative,253.75977,412.88384,0.1576293988601897,40000,15012,0,0,262.33112,157
1,1024,8,2048,10000,4:4:4,0,PaddedFAA-broadcast,248.510359,405.676939,0.16095908500941,40000,15012,0,0,258.55844,157
1,1024,8,2048,10000,4:4:4,0,Vyukov,248.74074,408.074733,0.1608100064348124,40000,15012,0,0,257.80379999999997,157
1,1024,8,2048,10000,4:4:4,0,PaddedFAA,250.280636,409.783829,0.15982059435073515,40000,15012,0,0,260.2368,157
4,1024,8,256,10000,4:4:4,0,FAA-cooperative,45.608067,204.693952,0.8770378275404656,40000,17855,2812,2623,1212.26956,157
4,1024,8,256,10000,4:4:4,0,PaddedFAA-broadcast,65.076072,223.601034,0.6146652490027363,40000,26190,7159,11163,1734.42644,157
4,1024,8,256,10000,4:4:4,0,Vyukov,71.009107,231.290077,0.5633080275182167,40000,28679,8457,13590,1931.78948,157
4,1024,8,256,10000,4:4:4,0,PaddedFAA,67.772153,227.535324,0.5902129153252664,40000,26708,7481,11673,1844.56672,157
4,1024,8,2048,10000,4:4:4,0,FAA-cooperative,97.86649,257.335582,0.4087200838611868,40000,24196,7101,5650,3048.68052,157
4,1024,8,2048,10000,4:4:4,0,PaddedFAA-broadcast,105.892858,264.287084,0.377740300483721,40000,31006,10440,11223,3092.18,157
4,1024,8,2048,10000,4:4:4,0,Vyukov,104.190727,262.759306,0.3839113244694031,40000,26506,8354,8739,2968.55472,157
4,1024,8,2048,10000,4:4:4,0,PaddedFAA,112.918483,272.381235,0.35423784430401883,40000,27917,9376,9795,3453.4946800000002,157
1,1024,8,2048,10000,4:4:4,1,FAA-cooperative,253.112978,412.690484,0.1580321969899149,40000,15012,0,0,263.18364,157
1,1024,8,2048,10000,4:4:4,1,PaddedFAA-broadcast,249.284796,405.581842,0.1604590437998473,40000,15012,0,0,257.60376,157
1,1024,8,2048,10000,4:4:4,1,PaddedFAA,249.912488,409.047097,0.16005602729224158,40000,15012,0,0,259.02944,157
1,1024,8,2048,10000,4:4:4,1,Vyukov,250.070094,406.395628,0.15995515241418673,40000,15012,0,0,258.01024,157
4,1024,8,2048,10000,4:4:4,1,PaddedFAA,107.545411,270.14054,0.37193590714902747,40000,26709,8512,8787,3146.26784,157
4,1024,8,2048,10000,4:4:4,1,FAA-cooperative,104.884892,263.374365,0.3813704646804613,40000,22398,5985,5034,3044.39628,157
4,1024,8,2048,10000,4:4:4,1,Vyukov,112.908507,275.826538,0.35426914289106665,40000,29062,10192,10680,3416.8990400000002,157
4,1024,8,2048,10000,4:4:4,1,PaddedFAA-broadcast,110.800203,276.470117,0.36101016890736204,40000,33353,11900,12772,3342.7746,157
4,1024,1,256,10000,4:4:4,1,PaddedFAA,149.180425,308.402633,0.2681316935516171,40000,131000,7040,16522,4246.63612,157
4,1024,1,256,10000,4:4:4,1,FAA-cooperative,141.18668,301.277696,0.2833128450927524,40000,129361,8329,33024,3994.07256,157
4,1024,1,256,10000,4:4:4,1,Vyukov,143.933506,303.360521,0.27790610478146766,40000,131270,7215,16773,4155.69868,157
4,1024,1,256,10000,4:4:4,1,PaddedFAA-broadcast,151.176747,314.603953,0.2645909559093767,40000,129836,6517,16018,4215.16788,157
1,1024,1,2048,10000,4:4:4,1,PaddedFAA-broadcast,260.565017,420.736308,0.153512549230659,40000,120012,0,0,35.227999999999994,157
1,1024,1,2048,10000,4:4:4,1,FAA-cooperative,263.541863,426.583992,0.15177854305446722,40000,120012,0,0,34.171519999999994,157
1,1024,1,2048,10000,4:4:4,1,Vyukov,261.6195,419.756372,0.15289380187638918,40000,120012,0,0,33.927279999999996,157
1,1024,1,2048,10000,4:4:4,1,PaddedFAA,262.54416,419.079448,0.15235532186280587,40000,120012,0,0,34.671839999999996,157
4,1024,8,256,10000,4:4:4,1,Vyukov,67.465441,225.699345,0.5928961466360236,40000,27287,7837,12212,1814.09396,157
4,1024,8,256,10000,4:4:4,1,FAA-cooperative,47.854769,208.202653,0.8358623567903963,40000,17948,2782,2994,1462.7382,157
4,1024,8,256,10000,4:4:4,1,PaddedFAA-broadcast,63.667271,226.129689,0.6282662877131957,40000,25686,6953,10714,1728.97992,157
4,1024,8,256,10000,4:4:4,1,PaddedFAA,66.367753,228.875326,0.6027023394930969,40000,26360,7176,11429,1793.38032,157
4,1024,1,2048,10000,4:4:4,1,PaddedFAA-broadcast,196.148924,356.492285,0.20392668582775403,40000,152189,18853,25640,6235.373519999999,157
4,1024,1,2048,10000,4:4:4,1,Vyukov,196.322495,355.234527,0.20374639187424753,40000,153990,20836,31506,6187.396,157
4,1024,1,2048,10000,4:4:4,1,FAA-cooperative,204.694347,363.374227,0.19541331055908448,40000,149577,20647,45067,6014.59272,157
4,1024,1,2048,10000,4:4:4,1,PaddedFAA,198.292403,356.895148,0.20172230198854366,40000,151401,19326,28942,6022.173,157
4,1024,1,0,10000,4:4:4,1,PaddedFAA-broadcast,136.147847,295.318574,0.29379825595038606,40000,124489,3167,11153,3729.34,157
4,1024,1,0,10000,4:4:4,1,PaddedFAA,145.331831,304.598726,0.2752322029163728,40000,124528,3115,11391,4041.64688,157
4,1024,1,0,10000,4:4:4,1,FAA-cooperative,131.168446,288.470477,0.3049513905196376,40000,123880,3847,23987,3672.34048,157
4,1024,1,0,10000,4:4:4,1,Vyukov,146.031404,305.269729,0.2739136850317484,40000,124642,3279,11422,4090.50788,157
1,1024,1,256,10000,4:4:4,1,PaddedFAA-broadcast,89.05343,251.497768,0.4491685497122346,40000,120012,0,0,8.84276,157
1,1024,1,256,10000,4:4:4,1,FAA-cooperative,93.693911,248.604221,0.4269220867511871,40000,120012,0,0,9.223,157
1,1024,1,256,10000,4:4:4,1,PaddedFAA,91.003705,249.824883,0.43954254389972364,40000,120012,0,0,14.82184,157
1,1024,1,256,10000,4:4:4,1,Vyukov,91.766019,250.890963,0.4358911984620364,40000,120012,0,0,8.48604,157
1,1024,8,256,10000,4:4:4,1,PaddedFAA,75.317792,231.400704,0.5310830142232529,40000,15012,0,0,60.29559999999997,157
1,1024,8,256,10000,4:4:4,1,FAA-cooperative,80.337958,242.764827,0.49789664805769646,40000,15012,0,0,59.19895999999999,157
1,1024,8,256,10000,4:4:4,1,PaddedFAA-broadcast,74.617121,237.058061,0.5360699992700066,40000,15012,0,0,55.41955999999999,157
1,1024,8,256,10000,4:4:4,1,Vyukov,75.606529,240.133105,0.5290548386370177,40000,15012,0,0,91.79567999999999,157
1,1024,1,0,10000,4:4:4,1,Vyukov,58.788866,217.499779,0.6804009453082493,40000,120012,0,0,7.449039999999996,157
1,1024,1,0,10000,4:4:4,1,PaddedFAA,59.975977,215.635399,0.6669336958029045,40000,120012,0,0,8.71032,157
1,1024,1,0,10000,4:4:4,1,FAA-cooperative,64.757082,226.928895,0.6176930578805265,40000,120012,0,0,9.25976,157
1,1024,1,0,10000,4:4:4,1,PaddedFAA-broadcast,59.263805,217.815026,0.6749482251434918,40000,120012,0,0,8.725760000000001,157
1,1024,8,0,10000,4:4:4,1,FAA-cooperative,46.866012,204.941098,0.8534969862594667,40000,15012,0,0,49.00464,157
1,1024,8,0,10000,4:4:4,1,Vyukov,41.77451,198.706228,0.9575217040247749,40000,15012,0,0,42.773720000000004,157
1,1024,8,0,10000,4:4:4,1,PaddedFAA,40.993006,201.900423,0.9757762092392054,40000,15012,0,0,24.18996,157
1,1024,8,0,10000,4:4:4,1,PaddedFAA-broadcast,41.180569,196.356902,0.9713318919901277,40000,15012,0,0,42.806400000000004,157
4,1024,8,0,10000,4:4:4,1,PaddedFAA,56.778953,214.162224,0.704486396570222,40000,22759,4695,8823,1522.04508,157
4,1024,8,0,10000,4:4:4,1,Vyukov,54.251304,212.598675,0.7373094663309844,40000,23370,5002,9418,1431.47232,157
4,1024,8,0,10000,4:4:4,1,PaddedFAA-broadcast,52.672061,211.699121,0.7594158884346675,40000,22989,5039,8706,1402.5148000000002,157
4,1024,8,0,10000,4:4:4,1,FAA-cooperative,35.996734,190.871434,1.1112119227261006,40000,16581,1748,1881,944.59388,157
4,1024,1,0,10000,4:4:4,2,Vyukov,140.593358,298.585792,0.28450846163017174,40000,125568,3761,13068,3941.77276,157
4,1024,1,0,10000,4:4:4,2,PaddedFAA,152.16483,311.141548,0.26287283336103356,40000,124273,3058,10555,4165.93592,157
4,1024,1,0,10000,4:4:4,2,PaddedFAA-broadcast,147.247274,305.10983,0.27165188810218655,40000,123982,2999,9678,3992.60036,157
4,1024,1,0,10000,4:4:4,2,FAA-cooperative,150.75068,305.952005,0.26533876994783706,40000,124088,4059,24944,4258.1546,157
1,1024,8,2048,10000,4:4:4,2,PaddedFAA,249.711673,409.785732,0.16018474234482422,40000,15012,0,0,267.2732,157
1,1024,8,2048,10000,4:4:4,2,PaddedFAA-broadcast,249.397274,410.680467,0.1603866768808387,40000,15012,0,0,258.47936,157
1,1024,8,2048,10000,4:4:4,2,Vyukov,249.24144,407.759991,0.16048695594119503,40000,15012,0,0,260.68472,157
1,1024,8,2048,10000,4:4:4,2,FAA-cooperative,253.332743,408.372437,0.15789510477925076,40000,15012,0,0,266.23912,157
4,1024,8,0,10000,4:4:4,2,FAA-cooperative,38.318038,198.324845,1.0438947839657136,40000,16621,1734,1982,999.26996,157
4,1024,8,0,10000,4:4:4,2,Vyukov,54.895803,217.319223,0.7286531540489535,40000,23182,4924,9204,1454.2916,157
4,1024,8,0,10000,4:4:4,2,PaddedFAA,59.184083,217.058517,0.6758573922654171,40000,23471,5044,9517,1580.58248,157
4,1024,8,0,10000,4:4:4,2,PaddedFAA-broadcast,56.190585,215.637009,0.7118630282991358,40000,23162,4946,9148,1524.5381599999998,157
4,1024,1,256,10000,4:4:4,2,Vyukov,158.934058,317.09682,0.2516767048130112,40000,129982,6481,16038,4547.5382,157
4,1024,1,256,10000,4:4:4,2,PaddedFAA,147.236668,307.006656,0.2716714561891607,40000,130891,6839,16442,4187.43628,157
4,1024,1,256,10000,4:4:4,2,PaddedFAA-broadcast,154.090112,312.995967,0.2595883634635816,40000,130096,6684,15864,4384.80152,157
4,1024,1,256,10000,4:4:4,2,FAA-cooperative,152.595794,311.610249,0.262130422808377,40000,128668,7808,32597,4268.227400000001,157
4,1024,8,256,10000,4:4:4,2,Vyukov,69.290313,227.667877,0.5772812716259487,40000,27657,7876,12705,1888.4548799999998,157
4,1024,8,256,10000,4:4:4,2,PaddedFAA,69.335172,232.2063,0.5769077777725856,40000,26456,7066,11596,1877.3469599999999,157
4,1024,8,256,10000,4:4:4,2,PaddedFAA-broadcast,64.714474,222.757675,0.6180997468974252,40000,26669,7446,11593,1751.36948,157
4,1024,8,256,10000,4:4:4,2,FAA-cooperative,46.711212,204.900233,0.8563254577937306,40000,18278,3064,3214,1290.58064,157
1,1024,8,0,10000,4:4:4,2,PaddedFAA-broadcast,40.28696,198.941775,0.9928770996868466,40000,15012,0,0,24.00148,157
1,1024,8,0,10000,4:4:4,2,PaddedFAA,41.071993,199.994287,0.9738996595563307,40000,15012,0,0,42.63892,157
1,1024,8,0,10000,4:4:4,2,Vyukov,41.822929,200.817783,0.9564131675234894,40000,15012,0,0,41.83484,157
1,1024,8,0,10000,4:4:4,2,FAA-cooperative,45.891695,204.375232,0.8716174026694808,40000,15012,0,0,27.47784,157
1,1024,1,256,10000,4:4:4,2,FAA-cooperative,92.330242,250.520506,0.43322750090918205,40000,120012,0,0,9.40416,157
1,1024,1,256,10000,4:4:4,2,Vyukov,89.358304,247.579025,0.4476360697266591,40000,120012,0,0,8.43408,157
1,1024,1,256,10000,4:4:4,2,PaddedFAA,88.615507,248.416146,0.4513882654872132,40000,120012,0,0,8.4188,157
1,1024,1,256,10000,4:4:4,2,PaddedFAA-broadcast,89.462418,252.16285,0.4471151226876072,40000,120012,0,0,9.964839999999992,157
1,1024,8,256,10000,4:4:4,2,FAA-cooperative,79.808812,238.375843,0.5011977875325346,40000,15012,0,0,56.307120000000005,157
1,1024,8,256,10000,4:4:4,2,Vyukov,75.484733,238.03933,0.5299084783144162,40000,15012,0,0,75.86139999999993,157
1,1024,8,256,10000,4:4:4,2,PaddedFAA,74.369654,234.446195,0.5378537864382158,40000,15012,0,0,58.90932,157
1,1024,8,256,10000,4:4:4,2,PaddedFAA-broadcast,75.02267,237.174543,0.5331721731577935,40000,15012,0,0,54.34263999999999,157
4,1024,8,2048,10000,4:4:4,2,PaddedFAA,115.16844,273.999312,0.3473173727107878,40000,27666,9279,9483,3750.0067200000003,157
4,1024,8,2048,10000,4:4:4,2,PaddedFAA-broadcast,107.271379,266.108304,0.37288604260415076,40000,31482,10802,11451,3140.03728,157
4,1024,8,2048,10000,4:4:4,2,FAA-cooperative,98.386948,256.858103,0.40655799181818303,40000,16805,1098,2156,2791.94028,157
4,1024,8,2048,10000,4:4:4,2,Vyukov,109.48504,273.25849,0.3653467176885536,40000,28117,9552,9909,3188.1687599999996,157
1,1024,1,2048,10000,4:4:4,2,PaddedFAA-broadcast,261.451303,421.143323,0.15299216160341722,40000,120012,0,0,35.76244,157
1,1024,1,2048,10000,4:4:4,2,FAA-cooperative,263.895225,428.776386,0.1515753079655003,40000,120012,0,0,34.946839999999995,157
1,1024,1,2048,10000,4:4:4,2,Vyukov,263.369659,425.770802,0.15187778330988386,40000,120012,0,0,33.923,157
1,1024,1,2048,10000,4:4:4,2,PaddedFAA,265.744707,426.483071,0.15052040152205176,40000,120012,0,0,34.20716,157
4,1024,1,2048,10000,4:4:4,2,PaddedFAA-broadcast,189.814903,350.973498,0.21073160941425131,40000,152718,19211,26148,5805.84164,157
4,1024,1,2048,10000,4:4:4,2,Vyukov,192.900649,353.474158,0.20736062946060901,40000,153808,20736,31057,6061.46208,157
4,1024,1,2048,10000,4:4:4,2,FAA-cooperative,192.702091,353.111826,0.20757429144865897,40000,148493,20429,44815,5650.9375199999995,157
4,1024,1,2048,10000,4:4:4,2,PaddedFAA,208.933527,369.805168,0.19144845049210316,40000,151297,19222,28983,6334.873280000001,157
1,1024,1,0,10000,4:4:4,2,FAA-cooperative,63.326302,224.429451,0.6316490737134784,40000,120012,0,0,5.0068,157
1,1024,1,0,10000,4:4:4,2,PaddedFAA-broadcast,59.866069,221.067452,0.6681581180818804,40000,120012,0,0,6.924719999999999,157
1,1024,1,0,10000,4:4:4,2,PaddedFAA,60.058673,220.429673,0.6660153813255248,40000,120012,0,0,8.378399999999997,157
1,1024,1,0,10000,4:4:4,2,Vyukov,59.904429,219.125369,0.667730260812602,40000,120012,0,0,7.997599999999999,157
1,1024,1,0,10000,4:4:4,3,Vyukov,61.036665,220.37927,0.6553438003206761,40000,120012,0,0,7.98196,157
1,1024,1,0,10000,4:4:4,3,PaddedFAA,59.499401,219.244749,0.6722756755147837,40000,120012,0,0,5.32416,157
1,1024,1,0,10000,4:4:4,3,PaddedFAA-broadcast,60.520817,224.200737,0.6609296103851341,40000,120012,0,0,8.02216,157
1,1024,1,0,10000,4:4:4,3,FAA-cooperative,63.879096,223.674436,0.6261829378424516,40000,120012,0,0,8.97664,157
1,1024,1,2048,10000,4:4:4,3,PaddedFAA-broadcast,260.755363,420.93383,0.15340048825764707,40000,120012,0,0,34.107879999999994,157
1,1024,1,2048,10000,4:4:4,3,Vyukov,261.683671,421.834403,0.15285630871480704,40000,120012,0,0,34.81972,157
1,1024,1,2048,10000,4:4:4,3,PaddedFAA,261.903692,422.795457,0.15272789663461483,40000,120012,0,0,35.38403999999999,157
1,1024,1,2048,10000,4:4:4,3,FAA-cooperative,270.018893,429.836169,0.14813778234399325,40000,120012,0,0,34.67032,157
4,1024,1,256,10000,4:4:4,3,PaddedFAA,162.202068,321.682925,0.24660598038737705,40000,130370,6690,16383,4624.298519999999,157
4,1024,1,256,10000,4:4:4,3,Vyukov,156.051543,317.724163,0.2563255654575617,40000,130264,6511,17130,4443.64608,157
4,1024,1,256,10000,4:4:4,3,PaddedFAA-broadcast,144.476749,303.665466,0.2768611577770206,40000,130067,6531,15015,3984.2284,157
4,1024,1,256,10000,4:4:4,3,FAA-cooperative,157.084413,317.196195,0.25464015961914693,40000,128078,7362,32138,4505.94496,157
4,1024,1,2048,10000,4:4:4,3,PaddedFAA-broadcast,189.269647,349.020446,0.2113386939428275,40000,151879,18900,25559,5849.24396,157
4,1024,1,2048,10000,4:4:4,3,PaddedFAA,190.340933,353.136423,0.21014922733409108,40000,153829,20779,30923,5515.94804,157
4,1024,1,2048,10000,4:4:4,3,Vyukov,187.327123,350.487174,0.21353021046503767,40000,151311,19353,29219,5559.9812,157
4,1024,1,2048,10000,4:4:4,3,FAA-cooperative,192.122303,353.755173,0.20820071056508208,40000,148635,20616,44837,5618.20916,157
4,1024,8,256,10000,4:4:4,3,Vyukov,68.202439,229.301967,0.5864892896278974,40000,27585,7844,12528,1837.65636,157
4,1024,8,256,10000,4:4:4,3,PaddedFAA,63.879748,228.953379,0.6261765465950179,40000,24668,6355,9764,1701.92704,157
4,1024,8,256,10000,4:4:4,3,FAA-cooperative,45.988373,206.58421,0.8697850650206738,40000,17715,2669,2604,1219.3795999999998,157
4,1024,8,256,10000,4:4:4,3,PaddedFAA-broadcast,62.505279,222.980383,0.6399459476054814,40000,26467,7251,11376,1678.49296,157
4,1024,8,0,10000,4:4:4,3,FAA-cooperative,36.45157,197.433955,1.0973464243103932,40000,16494,1674,1765,1006.2722799999999,157
4,1024,8,0,10000,4:4:4,3,Vyukov,54.332389,214.459422,0.736209114603814,40000,22931,4833,9016,1474.45096,157
4,1024,8,0,10000,4:4:4,3,PaddedFAA-broadcast,57.217249,218.646773,0.6990898845905716,40000,23425,5156,9324,1542.90824,157
4,1024,8,0,10000,4:4:4,3,PaddedFAA,58.181341,217.586525,0.6875056386204642,40000,23136,4909,9224,1536.7986799999999,157
4,1024,8,2048,10000,4:4:4,3,Vyukov,108.759307,268.860493,0.36778461635471804,40000,28047,9439,9870,3164.0794,157
4,1024,8,2048,10000,4:4:4,3,PaddedFAA,109.156531,275.213642,0.36644623673502413,40000,27333,8882,9369,3155.24852,157
4,1024,8,2048,10000,4:4:4,3,FAA-cooperative,99.741253,259.588943,0.40103767294762177,40000,16851,1180,2122,2992.3826,157
4,1024,8,2048,10000,4:4:4,3,PaddedFAA-broadcast,105.684504,265.999331,0.3784850047647477,40000,31081,10632,11195,3034.5867599999997,157
1,1024,8,256,10000,4:4:4,3,Vyukov,75.142899,234.722655,0.5323190951150287,40000,15012,0,0,55.677719999999994,157
1,1024,8,256,10000,4:4:4,3,PaddedFAA-broadcast,76.005843,235.690757,0.5262753285954608,40000,15012,0,0,92.57479999999998,157
1,1024,8,256,10000,4:4:4,3,PaddedFAA,74.945451,234.509622,0.533721519669019,40000,15012,0,0,58.41467999999998,157
1,1024,8,256,10000,4:4:4,3,FAA-cooperative,80.15677,239.013633,0.4990221038098217,40000,15012,0,0,65.63491999999997,157
4,1024,1,0,10000,4:4:4,3,Vyukov,146.904307,306.545352,0.2722860943757081,40000,124714,3356,11374,3963.04684,157
4,1024,1,0,10000,4:4:4,3,FAA-cooperative,148.644331,307.591208,0.2690987253324851,40000,123711,3686,22774,4167.70636,157
4,1024,1,0,10000,4:4:4,3,PaddedFAA,142.540777,301.740696,0.28062145332629973,40000,124973,3510,12017,4051.48324,157
4,1024,1,0,10000,4:4:4,3,PaddedFAA-broadcast,152.536764,311.015194,0.2622318643130518,40000,124856,3344,12592,4205.2000800000005,157
1,1024,1,256,10000,4:4:4,3,Vyukov,90.984881,250.197112,0.43963348152315546,40000,120012,0,0,8.36184,157
1,1024,1,256,10000,4:4:4,3,PaddedFAA,88.895001,247.738316,0.449969059565003,40000,120012,0,0,8.512,157
1,1024,1,256,10000,4:4:4,3,FAA-cooperative,92.267288,251.555399,0.43352309217108453,40000,120012,0,0,11.685879999999983,157
1,1024,1,256,10000,4:4:4,3,PaddedFAA-broadcast,89.501081,249.456919,0.44692197628316915,40000,120012,0,0,8.64756,157
1,1024,8,2048,10000,4:4:4,3,FAA-cooperative,253.6416,412.153026,0.15770283738945032,40000,15012,0,0,266.18588,157
1,1024,8,2048,10000,4:4:4,3,Vyukov,249.585135,409.650458,0.16026595494158738,40000,15012,0,0,264.94115999999997,157
1,1024,8,2048,10000,4:4:4,3,PaddedFAA,249.548331,407.858909,0.16028959135775586,40000,15012,0,0,260.83512,157
1,1024,8,2048,10000,4:4:4,3,PaddedFAA-broadcast,249.357076,408.366629,0.16041253226758243,40000,15012,0,0,257.56012,157
1,1024,8,0,10000,4:4:4,3,PaddedFAA,40.773064,199.771288,0.981039835514937,40000,15012,0,0,42.886799999999994,157
1,1024,8,0,10000,4:4:4,3,PaddedFAA-broadcast,39.738848,198.797499,1.0065717053498884,40000,15012,0,0,28.45312,157
1,1024,8,0,10000,4:4:4,3,Vyukov,40.96413,200.202018,0.9764640430542526,40000,15012,0,0,41.692119999999996,157
1,1024,8,0,10000,4:4:4,3,FAA-cooperative,46.530511,209.016804,0.8596509933020078,40000,15012,0,0,48.845639999999996,157
4,1024,8,256,10000,4:4:4,4,Vyukov,68.345315,227.227613,0.585263232746824,40000,26930,7511,11918,1855.7066399999999,157
4,1024,8,256,10000,4:4:4,4,PaddedFAA-broadcast,66.404191,223.475954,0.6023716183817374,40000,27394,7700,12338,1790.20144,157
4,1024,8,256,10000,4:4:4,4,FAA-cooperative,47.686614,208.120403,0.8388098177824075,40000,18402,3224,3096,1229.27636,157
4,1024,8,256,10000,4:4:4,4,PaddedFAA,71.528705,230.896954,0.5592160517934723,40000,27079,7561,12098,1950.1632,157
1,1024,8,2048,10000,4:4:4,4,PaddedFAA-broadcast,248.677356,407.749638,0.16085099441060488,40000,15012,0,0,258.7076,157
1,1024,8,2048,10000,4:4:4,4,FAA-cooperative,253.245644,413.116692,0.15794940978333274,40000,15012,0,0,261.89288,157
1,1024,8,2048,10000,4:4:4,4,PaddedFAA,250.493939,410.994928,0.15968450238630325,40000,15012,0,0,263.82812,157
1,1024,8,2048,10000,4:4:4,4,Vyukov,248.528577,411.175842,0.16094728615454149,40000,15012,0,0,266.37904,157
4,1024,8,0,10000,4:4:4,4,PaddedFAA-broadcast,52.911689,211.553757,0.7559766236152469,40000,23027,4896,9026,1455.48952,157
4,1024,8,0,10000,4:4:4,4,Vyukov,56.271308,214.930195,0.7108418379043189,40000,23732,5150,9796,1503.02708,157
4,1024,8,0,10000,4:4:4,4,PaddedFAA,56.647991,214.669666,0.7061150676993999,40000,23414,5054,9444,1510.66576,157
4,1024,8,0,10000,4:4:4,4,FAA-cooperative,36.554497,194.844809,1.0942566108897627,40000,16657,1826,1945,990.57684,157
4,1024,1,2048,10000,4:4:4,4,Vyukov,190.02555,350.853688,0.21049800934663787,40000,152760,20083,30292,5966.20244,157
4,1024,1,2048,10000,4:4:4,4,FAA-cooperative,194.571524,354.033448,0.205579928540828,40000,151099,21749,46216,5716.220679999999,157
4,1024,1,2048,10000,4:4:4,4,PaddedFAA,195.29884,354.359354,0.20481432455000756,40000,154069,20901,30854,5957.58176,157
4,1024,1,2048,10000,4:4:4,4,PaddedFAA-broadcast,202.164281,359.646945,0.1978588888311086,40000,150800,18382,25173,6184.9896,157
4,1024,8,2048,10000,4:4:4,4,PaddedFAA-broadcast,105.767906,265.782471,0.3781865550028002,40000,30879,10454,10874,3079.78908,157
4,1024,8,2048,10000,4:4:4,4,Vyukov,109.018977,268.486964,0.3669085979407053,40000,28370,9670,10168,3200.2762799999996,157
4,1024,8,2048,10000,4:4:4,4,FAA-cooperative,98.744007,257.180718,0.4050878753583496,40000,16976,1223,2228,2780.6576800000003,157
4,1024,8,2048,10000,4:4:4,4,PaddedFAA,112.118565,270.478635,0.35676517978980554,40000,27428,9035,9501,3396.63048,157
1,1024,1,256,10000,4:4:4,4,PaddedFAA,89.750629,248.776475,0.44567932777384767,40000,120012,0,0,13.220719999999986,157
1,1024,1,256,10000,4:4:4,4,FAA-cooperative,93.057774,252.307586,0.4298404988711636,40000,120012,0,0,10.028599999999997,157
1,1024,1,256,10000,4:4:4,4,PaddedFAA-broadcast,89.277462,247.879042,0.44804141049618995,40000,120012,0,0,10.378919999999999,157
1,1024,1,256,10000,4:4:4,4,Vyukov,90.888206,250.335345,0.4401011061875289,40000,120012,0,0,14.35864,157
1,1024,8,256,10000,4:4:4,4,PaddedFAA-broadcast,75.205462,233.627484,0.5318762618598102,40000,15012,0,0,69.19375999999997,157
1,1024,8,256,10000,4:4:4,4,Vyukov,75.691447,238.530376,0.5284612936518441,40000,15012,0,0,91.96664,157
1,1024,8,256,10000,4:4:4,4,PaddedFAA,75.29048,233.478506,0.5312756672556743,40000,15012,0,0,57.48035999999998,157
1,1024,8,256,10000,4:4:4,4,FAA-cooperative,80.011522,242.780037,0.4999279978701068,40000,15012,0,0,74.61527999999991,157
1,1024,1,2048,10000,4:4:4,4,FAA-cooperative,265.717944,424.660738,0.15053556187383416,40000,120012,0,0,34.43684,157
1,1024,1,2048,10000,4:4:4,4,PaddedFAA-broadcast,260.184227,419.422596,0.15373722097304537,40000,120012,0,0,33.80168,157
1,1024,1,2048,10000,4:4:4,4,Vyukov,262.349237,421.119754,0.15246852042493267,40000,120012,0,0,33.84132,157
1,1024,1,2048,10000,4:4:4,4,PaddedFAA,261.514979,417.765344,0.15295490970710324,40000,120012,0,0,34.32375999999999,157
1,1024,8,0,10000,4:4:4,4,FAA-cooperative,47.006603,209.278962,0.8509442811683287,40000,15012,0,0,28.66192,157
1,1024,8,0,10000,4:4:4,4,PaddedFAA,41.150241,200.051112,0.9720477700239958,40000,15012,0,0,42.82092,157
1,1024,8,0,10000,4:4:4,4,Vyukov,41.467809,198.554895,0.9646036519556652,40000,15012,0,0,41.63192,157
1,1024,8,0,10000,4:4:4,4,PaddedFAA-broadcast,41.035681,199.371404,0.9747614521128576,40000,15012,0,0,41.72783999999999,157
4,1024,1,256,10000,4:4:4,4,PaddedFAA-broadcast,145.216438,301.259596,0.27545091004091427,40000,130738,6931,16401,4073.82168,157
4,1024,1,256,10000,4:4:4,4,Vyukov,143.564307,301.827731,0.2786207855967988,40000,130484,6743,16406,4027.057,157
4,1024,1,256,10000,4:4:4,4,PaddedFAA,154.626034,312.589363,0.2586886500626408,40000,129602,6211,15439,4348.58536,157
4,1024,1,256,10000,4:4:4,4,FAA-cooperative,160.804545,318.779615,0.2487491880282364,40000,128095,7452,31977,4511.50012,157
1,1024,1,0,10000,4:4:4,4,PaddedFAA-broadcast,59.570073,219.769877,0.6714781094862852,40000,120012,0,0,4.6123199999999995,157
1,1024,1,0,10000,4:4:4,4,Vyukov,59.880911,218.410572,0.6679925093323981,40000,120012,0,0,9.338279999999994,157
1,1024,1,0,10000,4:4:4,4,FAA-cooperative,65.034464,219.437149,0.6150585019044671,40000,120012,0,0,9.30064,157
1,1024,1,0,10000,4:4:4,4,PaddedFAA,60.651195,217.953599,0.6595088522163496,40000,120012,0,0,8.306399999999998,157
4,1024,1,0,10000,4:4:4,4,PaddedFAA-broadcast,131.803804,294.199761,0.30348137751775356,40000,124456,3330,10772,3633.6676,157
4,1024,1,0,10000,4:4:4,4,Vyukov,132.586732,291.192234,0.30168931232123586,40000,125314,3600,12827,3729.27572,157
4,1024,1,0,10000,4:4:4,4,FAA-cooperative,129.697609,288.049185,0.30840969473847435,40000,123511,3487,20627,3571.23224,157
4,1024,1,0,10000,4:4:4,4,PaddedFAA,134.335161,292.38492,0.2977626981814538,40000,124729,3242,11081,3674.2452799999996,157
4,1024,8,0,10000,4:4:4,5,Vyukov,57.590004,212.411541,0.6945649804087529,40000,23650,5111,9798,1576.36128,157
4,1024,8,0,10000,4:4:4,5,PaddedFAA,58.877422,218.718907,0.6793775719324124,40000,23181,4978,9136,1609.6226,157
4,1024,8,0,10000,4:4:4,5,PaddedFAA-broadcast,53.367172,212.330782,0.7495244454774557,40000,22476,4794,8245,1437.6842,157
4,1024,8,0,10000,4:4:4,5,FAA-cooperative,37.367344,199.588997,1.0704533883917466,40000,16692,1855,2032,990.1591999999999,157
1,1024,1,0,10000,4:4:4,5,PaddedFAA-broadcast,57.672361,215.525631,0.693573131157228,40000,120012,0,0,5.12952,157
1,1024,1,0,10000,4:4:4,5,Vyukov,60.742707,222.128977,0.6585152683432433,40000,120012,0,0,7.909599999999999,157
1,1024,1,0,10000,4:4:4,5,PaddedFAA,60.226582,217.905241,0.6641585604177238,40000,120012,0,0,8.26932,157
1,1024,1,0,10000,4:4:4,5,FAA-cooperative,62.868022,220.827408,0.6362535153404381,40000,120012,0,0,4.99848,157
1,1024,8,256,10000,4:4:4,5,PaddedFAA,75.421728,234.606489,0.5303511476162414,40000,15012,0,0,61.00807999999998,157
1,1024,8,256,10000,4:4:4,5,Vyukov,76.370325,234.612042,0.5237636477257364,40000,15012,0,0,95.98396,157
1,1024,8,256,10000,4:4:4,5,FAA-cooperative,80.679467,238.809446,0.4957890958798724,40000,15012,0,0,97.2612,157
1,1024,8,256,10000,4:4:4,5,PaddedFAA-broadcast,73.829914,231.485276,0.5417858132680474,40000,15012,0,0,54.741399999999985,157
1,1024,1,2048,10000,4:4:4,5,FAA-cooperative,265.326503,423.853842,0.15075764971733713,40000,120012,0,0,35.36991999999999,157
1,1024,1,2048,10000,4:4:4,5,PaddedFAA-broadcast,260.832002,425.675025,0.15335541533741706,40000,120012,0,0,37.873879999999986,157
1,1024,1,2048,10000,4:4:4,5,Vyukov,263.465956,422.397894,0.1518222718687799,40000,120012,0,0,35.20887999999999,157
1,1024,1,2048,10000,4:4:4,5,PaddedFAA,262.321552,421.222745,0.15248461171044,40000,120012,0,0,34.72716,157
1,1024,1,256,10000,4:4:4,5,Vyukov,90.075606,248.155869,0.4440713948679957,40000,120012,0,0,10.16703999999999,157
1,1024,1,256,10000,4:4:4,5,PaddedFAA-broadcast,89.582665,247.630462,0.4465149591162531,40000,120012,0,0,10.911279999999985,157
1,1024,1,256,10000,4:4:4,5,PaddedFAA,88.75842,245.673467,0.4506614696385988,40000,120012,0,0,8.229119999999998,157
1,1024,1,256,10000,4:4:4,5,FAA-cooperative,93.945001,251.336422,0.4257810375668632,40000,120012,0,0,14.811359999999999,157
4,1024,1,256,10000,4:4:4,5,FAA-cooperative,146.670536,308.424215,0.2727200778757637,40000,128741,7938,33021,4136.50932,157
4,1024,1,256,10000,4:4:4,5,Vyukov,148.491785,305.643698,0.2693751711584584,40000,130806,6980,16942,4185.65336,157
4,1024,1,256,10000,4:4:4,5,PaddedFAA-broadcast,154.600187,312.368287,0.2587318992052707,40000,128920,5957,14776,4266.46508,157
4,1024,1,256,10000,4:4:4,5,PaddedFAA,140.614506,298.679707,0.2844656724107824,40000,129795,6364,15024,3917.95428,157
4,1024,1,2048,10000,4:4:4,5,FAA-cooperative,194.219702,352.225267,0.2059523291823401,40000,149649,21040,45763,5874.61788,157
4,1024,1,2048,10000,4:4:4,5,PaddedFAA-broadcast,192.758444,349.531076,0.20751360703036179,40000,149973,17819,25143,5726.75256,157
4,1024,1,2048,10000,4:4:4,5,PaddedFAA,189.59335,347.648509,0.21097786393879323,40000,155338,21382,31633,5728.348599999999,157
4,1024,1,2048,10000,4:4:4,5,Vyukov,195.457536,353.971414,0.20464803158062936,40000,150368,18737,28705,5749.32412,157
4,1024,1,0,10000,4:4:4,5,PaddedFAA,135.401379,292.880329,0.2954179661641408,40000,124733,3356,11121,3763.0296000000003,157
4,1024,1,0,10000,4:4:4,5,FAA-cooperative,155.48299,311.885211,0.2572628684333894,40000,123721,3699,22580,4353.5108,157
4,1024,1,0,10000,4:4:4,5,PaddedFAA-broadcast,129.508454,287.580667,0.3088601459175785,40000,124481,3363,10424,3550.73392,157
4,1024,1,0,10000,4:4:4,5,Vyukov,129.258767,287.753202,0.3094567658996778,40000,124535,3163,11021,3583.5452400000004,157
1,1024,8,0,10000,4:4:4,5,Vyukov,40.419194,200.531501,0.9896288382197824,40000,15012,0,0,24.46452,157
1,1024,8,0,10000,4:4:4,5,PaddedFAA,41.376025,199.358824,0.9667434220662812,40000,15012,0,0,42.37056,157
1,1024,8,0,10000,4:4:4,5,FAA-cooperative,46.347208,201.669169,0.8630509091291971,40000,15012,0,0,29.478399999999997,157
1,1024,8,0,10000,4:4:4,5,PaddedFAA-broadcast,39.947939,196.791576,1.0013032211749398,40000,15012,0,0,24.846559999999997,157
1,1024,8,2048,10000,4:4:4,5,PaddedFAA,248.925717,407.585387,0.16069050832542142,40000,15012,0,0,260.17176,157
1,1024,8,2048,10000,4:4:4,5,FAA-cooperative,252.442209,406.410095,0.15845210734944884,40000,15012,0,0,263.62667999999996,157
1,1024,8,2048,10000,4:4:4,5,Vyukov,251.453947,409.190958,0.15907485437084828,40000,15012,0,0,259.31448,157
1,1024,8,2048,10000,4:4:4,5,PaddedFAA-broadcast,251.419752,405.998461,0.1590964897618704,40000,15012,0,0,262.50867999999997,157
4,1024,8,256,10000,4:4:4,5,Vyukov,68.566926,230.627751,0.5833716389735775,40000,27014,7525,12088,1853.99964,157
4,1024,8,256,10000,4:4:4,5,PaddedFAA-broadcast,66.770274,224.995948,0.5990689809060841,40000,26357,7270,11369,1803.90616,157
4,1024,8,256,10000,4:4:4,5,PaddedFAA,67.4522,225.155307,0.5930125333198917,40000,25958,6948,11033,1867.35564,157
4,1024,8,256,10000,4:4:4,5,FAA-cooperative,45.319742,203.076088,0.8826175577080735,40000,17555,2389,2605,1381.9191199999998,157
4,1024,8,2048,10000,4:4:4,5,PaddedFAA,104.417466,262.263225,0.38307767399756665,40000,25477,7614,7871,2941.2446,157
4,1024,8,2048,10000,4:4:4,5,Vyukov,104.399441,262.647851,0.38314381395969355,40000,26662,8513,8748,2951.07656,157
4,1024,8,2048,10000,4:4:4,5,PaddedFAA-broadcast,109.461913,267.791156,0.3654239077659825,40000,30398,10186,10831,3190.30216,157
4,1024,8,2048,10000,4:4:4,5,FAA-cooperative,106.640059,263.920439,0.3750935659178508,40000,21906,5708,4651,3142.29212,157
4,1024,1,2048,10000,4:4:4,6,Vyukov,202.399172,360.540309,0.19762926698138863,40000,152082,19667,30704,6156.35832,157
4,1024,1,2048,10000,4:4:4,6,PaddedFAA,199.810055,357.845436,0.20019012556700413,40000,153834,20668,30278,6172.932,157
4,1024,1,2048,10000,4:4:4,6,FAA-cooperative,200.124539,359.233587,0.19987553850155276,40000,151141,21675,46436,6053.0570800000005,157
4,1024,1,2048,10000,4:4:4,6,PaddedFAA-broadcast,187.818179,346.131101,0.21297192962348974,40000,152074,18946,25834,5795.0802,157
1,1024,8,0,10000,4:4:4,6,PaddedFAA,40.490615,201.0669,0.9878832415857354,40000,15012,0,0,28.792319999999997,157
1,1024,8,0,10000,4:4:4,6,FAA-cooperative,47.697075,206.689754,0.8386258486500483,40000,15012,0,0,52.472599999999986,157
1,1024,8,0,10000,4:4:4,6,PaddedFAA-broadcast,40.772485,200.206659,0.9810537670195967,40000,15012,0,0,42.56768,157
1,1024,8,0,10000,4:4:4,6,Vyukov,41.780077,198.953,0.9573941187327156,40000,15012,0,0,42.6496,157
1,1024,8,256,10000,4:4:4,6,FAA-cooperative,80.258315,238.77782,0.4983907274903541,40000,15012,0,0,101.73107999999999,157
1,1024,8,256,10000,4:4:4,6,PaddedFAA,74.341109,231.758319,0.5380603079246504,40000,15012,0,0,57.653079999999996,157
1,1024,8,256,10000,4:4:4,6,PaddedFAA-broadcast,74.094012,231.992069,0.5398546916314911,40000,15012,0,0,60.47867999999998,157
1,1024,8,256,10000,4:4:4,6,Vyukov,76.046607,234.302536,0.5259932241289871,40000,15012,0,0,95.84927999999998,157
4,1024,1,256,10000,4:4:4,6,Vyukov,146.856647,304.668749,0.27237446051726893,40000,130527,6829,16548,4027.49336,157
4,1024,1,256,10000,4:4:4,6,PaddedFAA-broadcast,154.934538,312.785366,0.25817355198103087,40000,130042,6689,16410,4338.84532,157
4,1024,1,256,10000,4:4:4,6,PaddedFAA,155.360486,313.445187,0.257465723942187,40000,130361,6594,16566,4410.0178399999995,157
4,1024,1,256,10000,4:4:4,6,FAA-cooperative,142.940845,300.230051,0.2798360398667015,40000,128468,7744,32551,4060.6852799999997,157
4,1024,8,0,10000,4:4:4,6,Vyukov,58.131085,216.83919,0.6881000070788288,40000,23454,5087,9308,1581.17644,157
4,1024,8,0,10000,4:4:4,6,PaddedFAA-broadcast,55.784624,213.315151,0.7170434634461281,40000,22909,4814,8847,1536.14804,157
4,1024,8,0,10000,4:4:4,6,PaddedFAA,58.475216,216.641074,0.6840504873038862,40000,22773,4751,8815,1559.47292,157
4,1024,8,0,10000,4:4:4,6,FAA-cooperative,36.408454,197.4933,1.0986459353643525,40000,16629,1788,1997,952.78748,157
4,1024,8,2048,10000,4:4:4,6,Vyukov,112.035325,271.576566,0.3570302491647166,40000,28638,9827,10289,3245.83644,157
4,1024,8,2048,10000,4:4:4,6,PaddedFAA-broadcast,111.403959,267.824765,0.35905366702452646,40000,33439,12025,12772,3309.56956,157
4,1024,8,2048,10000,4:4:4,6,FAA-cooperative,104.717767,263.255786,0.3819791153491652,40000,21544,5221,4516,3100.48392,157
4,1024,8,2048,10000,4:4:4,6,PaddedFAA,107.991048,264.307966,0.37040107250371346,40000,27392,8948,9339,3111.92148,157
1,1024,8,2048,10000,4:4:4,6,Vyukov,249.656636,408.367908,0.16022005519612945,40000,15012,0,0,260.39792,157
1,1024,8,2048,10000,4:4:4,6,PaddedFAA,248.249745,404.691975,0.16112806077605438,40000,15012,0,0,260.35852,157
1,1024,8,2048,10000,4:4:4,6,FAA-cooperative,254.261487,409.105523,0.1573183594257828,40000,15012,0,0,262.17532,157
1,1024,8,2048,10000,4:4:4,6,PaddedFAA-broadcast,249.892823,412.212316,0.16006862269910008,40000,15012,0,0,261.76688,157
4,1024,1,0,10000,4:4:4,6,FAA-cooperative,140.336664,296.417423,0.28502886458808796,40000,123981,3952,23847,3953.31804,157
4,1024,1,0,10000,4:4:4,6,Vyukov,138.029811,295.60899,0.2897924709901979,40000,125327,3721,12728,3822.43488,157
4,1024,1,0,10000,4:4:4,6,PaddedFAA,138.562732,295.326229,0.2886779108829927,40000,124758,3513,10947,3801.8968,157
4,1024,1,0,10000,4:4:4,6,PaddedFAA-broadcast,127.436558,286.437223,0.3138816727928261,40000,124755,3413,11423,3496.37292,157
1,1024,1,256,10000,4:4:4,6,FAA-cooperative,93.528833,249.876514,0.427675602452989,40000,120012,0,0,9.18928,157
1,1024,1,256,10000,4:4:4,6,PaddedFAA,89.519962,246.22337,0.44682771424768924,40000,120012,0,0,8.926680000000001,157
1,1024,1,256,10000,4:4:4,6,Vyukov,89.773125,246.175494,0.4455676462192889,40000,120012,0,0,9.640719999999995,157
1,1024,1,256,10000,4:4:4,6,PaddedFAA-broadcast,89.446676,247.147331,0.4471938118751333,40000,120012,0,0,8.66756,157
1,1024,1,2048,10000,4:4:4,6,FAA-cooperative,266.824719,427.795333,0.14991114822461407,40000,120012,0,0,38.028839999999995,157
1,1024,1,2048,10000,4:4:4,6,Vyukov,261.781952,420.149008,0.1527989217530168,40000,120012,0,0,36.469079999999984,157
1,1024,1,2048,10000,4:4:4,6,PaddedFAA,261.361778,417.748527,0.15304456644766168,40000,120012,0,0,34.71112,157
1,1024,1,2048,10000,4:4:4,6,PaddedFAA-broadcast,261.993665,420.006975,0.1526754473242702,40000,120012,0,0,48.751199999999926,157
1,1024,1,0,10000,4:4:4,6,PaddedFAA-broadcast,59.455367,218.42775,0.6727735782036296,40000,120012,0,0,8.31088,157
1,1024,1,0,10000,4:4:4,6,FAA-cooperative,64.114716,222.834606,0.6238817309898089,40000,120012,0,0,5.77644,157
1,1024,1,0,10000,4:4:4,6,Vyukov,60.160042,216.748118,0.6648931528339026,40000,120012,0,0,8.08184,157
1,1024,1,0,10000,4:4:4,6,PaddedFAA,60.312358,218.066536,0.6632139967069436,40000,120012,0,0,5.42448,157
4,1024,8,256,10000,4:4:4,6,Vyukov,69.56219,225.840551,0.5750250243702794,40000,27563,7778,12485,1856.62384,157
4,1024,8,256,10000,4:4:4,6,PaddedFAA,69.103546,227.161649,0.578841496788023,40000,27117,7525,12053,1872.2475200000001,157
4,1024,8,256,10000,4:4:4,6,PaddedFAA-broadcast,69.194397,222.13804,0.5780814883031642,40000,27511,7754,12443,1865.48784,157
4,1024,8,256,10000,4:4:4,6,FAA-cooperative,47.258449,205.904015,0.8464094960035612,40000,17994,2910,2784,1244.21444,157
