global_execution_index,test,workers,elements_per_source,repetition,case_order_in_block,execution_order_in_pair,backend,time_ms,throughput_Mtransfer_s,count,checksum,valid
1,pipe_3_coop,8,250000,1,1,1,PADDEDFAA,2446.165951,0.613204512713782,500000,62500250000,True
2,pipe_3_coop,8,250000,1,1,2,MPMC,2397.562798,0.6256353332022296,500000,62500250000,True
3,pipe_3_coop,4,250000,1,2,1,MPMC,2843.178464,0.5275785600491943,500000,62500250000,True
4,pipe_3_coop,4,250000,1,2,2,PADDEDFAA,2738.840994,0.5476769200132688,500000,62500250000,True
5,pipe_3_coop,2,250000,1,3,1,MPMC,3069.723902,0.4886432942789133,500000,62500250000,True
6,pipe_3_coop,2,250000,1,3,2,PADDEDFAA,2960.210991,0.506720637333111,500000,62500250000,True
7,pipe_2,0,250000,1,4,1,PADDEDFAA,377.168648,1.988500380339142,500000,5833355,True
8,pipe_2,0,250000,1,4,2,MPMC,389.687097,1.924621076175894,500000,5833355,True
9,pipe_3_coop,1,250000,1,5,1,MPMC,824.368462,1.8195747037202887,500000,62500250000,True
10,pipe_3_coop,1,250000,1,5,2,PADDEDFAA,807.46066,1.8576756420554283,500000,62500250000,True
11,pipe_1,0,250000,1,6,1,PADDEDFAA,232.565957,2.1499277299643644,250000,3138900,True
12,pipe_1,0,250000,1,6,2,MPMC,264.725721,1.8887473348311328,250000,3138900,True
13,pipe_1,0,250000,2,1,1,MPMC,260.163827,1.921865947951327,250000,3138900,True
14,pipe_1,0,250000,2,1,2,PADDEDFAA,246.846542,2.025549946735733,250000,3138900,True
15,pipe_2,0,250000,2,2,1,MPMC,396.000787,1.8939356299814627,500000,5833355,True
16,pipe_2,0,250000,2,2,2,PADDEDFAA,411.560481,1.8223324022210965,500000,5833355,True
17,pipe_3_coop,1,250000,2,3,1,PADDEDFAA,811.985054,1.8473246429976777,500000,62500250000,True
18,pipe_3_coop,1,250000,2,3,2,MPMC,821.632533,1.8256336497814893,500000,62500250000,True
19,pipe_3_coop,4,250000,2,4,1,PADDEDFAA,2774.400934,0.540657257434444,500000,62500250000,True
20,pipe_3_coop,4,250000,2,4,2,MPMC,2821.341083,0.5316620556933916,500000,62500250000,True
21,pipe_3_coop,2,250000,2,5,1,PADDEDFAA,3029.25131,0.4951718581579156,500000,62500250000,True
22,pipe_3_coop,2,250000,2,5,2,MPMC,2929.429204,0.5120451444779138,500000,62500250000,True
23,pipe_3_coop,8,250000,2,6,1,MPMC,2541.094931,0.5902967188280932,500000,62500250000,True
24,pipe_3_coop,8,250000,2,6,2,PADDEDFAA,2491.198862,0.6021197355540538,500000,62500250000,True
25,pipe_3_coop,1,250000,3,1,1,MPMC,811.843466,1.8476468221030187,500000,62500250000,True
26,pipe_3_coop,1,250000,3,1,2,PADDEDFAA,809.482546,1.8530356304927669,500000,62500250000,True
27,pipe_3_coop,4,250000,3,2,1,MPMC,2742.941731,0.5468581352084143,500000,62500250000,True
28,pipe_3_coop,4,250000,3,2,2,PADDEDFAA,2845.895586,0.5270748538277539,500000,62500250000,True
29,pipe_1,0,250000,3,3,1,PADDEDFAA,257.873596,1.9389344537623776,250000,3138900,True
30,pipe_1,0,250000,3,3,2,MPMC,273.537952,1.827899917887811,250000,3138900,True
31,pipe_2,0,250000,3,4,1,PADDEDFAA,381.938266,1.9636681285032593,500000,5833355,True
32,pipe_2,0,250000,3,4,2,MPMC,389.1433,1.9273105819886915,500000,5833355,True
33,pipe_3_coop,8,250000,3,5,1,PADDEDFAA,2471.096188,0.6070180542887066,500000,62500250000,True
34,pipe_3_coop,8,250000,3,5,2,MPMC,2382.69325,0.629539702603346,500000,62500250000,True
35,pipe_3_coop,2,250000,3,6,1,MPMC,2980.03348,0.5033500496108521,500000,62500250000,True
36,pipe_3_coop,2,250000,3,6,2,PADDEDFAA,2905.433527,0.5162740727194755,500000,62500250000,True
37,pipe_1,0,250000,4,1,1,MPMC,242.041637,2.065760280740458,250000,3138900,True
38,pipe_1,0,250000,4,1,2,PADDEDFAA,240.553534,2.0785394073653474,250000,3138900,True
39,pipe_3_coop,2,250000,4,2,1,PADDEDFAA,2808.581382,0.5340774561895889,500000,62500250000,True
40,pipe_3_coop,2,250000,4,2,2,MPMC,3013.269677,0.4977981265498262,500000,62500250000,True
41,pipe_3_coop,4,250000,4,3,1,PADDEDFAA,2859.737296,0.5245237043619687,500000,62500250000,True
42,pipe_3_coop,4,250000,4,3,2,MPMC,2878.974574,0.5210188424540078,500000,62500250000,True
43,pipe_3_coop,8,250000,4,4,1,MPMC,2450.764991,0.6120537895344859,500000,62500250000,True
44,pipe_3_coop,8,250000,4,4,2,PADDEDFAA,2475.486077,0.6059416023126355,500000,62500250000,True
45,pipe_3_coop,1,250000,4,5,1,PADDEDFAA,814.472541,1.8416827142610817,500000,62500250000,True
46,pipe_3_coop,1,250000,4,5,2,MPMC,821.283185,1.826410216836474,500000,62500250000,True
47,pipe_2,0,250000,4,6,1,MPMC,406.950123,1.8429776958194948,500000,5833355,True
48,pipe_2,0,250000,4,6,2,PADDEDFAA,378.72725,1.9803169695341436,500000,5833355,True
49,pipe_3_coop,4,250000,5,1,1,MPMC,2709.785016,0.5535494480717875,500000,62500250000,True
50,pipe_3_coop,4,250000,5,1,2,PADDEDFAA,2882.384922,0.5204023891990093,500000,62500250000,True
51,pipe_3_coop,2,250000,5,2,1,MPMC,3108.337371,0.48257309968815476,500000,62500250000,True
52,pipe_3_coop,2,250000,5,2,2,PADDEDFAA,2889.551223,0.5191117527387746,500000,62500250000,True
53,pipe_2,0,250000,5,3,1,PADDEDFAA,411.461093,1.8227725847216372,500000,5833355,True
54,pipe_2,0,250000,5,3,2,MPMC,436.865024,1.7167773998771758,500000,5833355,True
55,pipe_3_coop,8,250000,5,4,1,PADDEDFAA,2485.910734,0.603400588558704,500000,62500250000,True
56,pipe_3_coop,8,250000,5,4,2,MPMC,2403.832809,0.624003464127775,500000,62500250000,True
57,pipe_1,0,250000,5,5,1,PADDEDFAA,247.072235,2.0236996682367003,250000,3138900,True
58,pipe_1,0,250000,5,5,2,MPMC,246.741143,2.026415189298203,250000,3138900,True
59,pipe_3_coop,1,250000,5,6,1,MPMC,818.202886,1.8332861270303562,500000,62500250000,True
60,pipe_3_coop,1,250000,5,6,2,PADDEDFAA,809.986355,1.851883048079248,500000,62500250000,True
61,pipe_3_coop,4,250000,6,1,1,PADDEDFAA,2724.422942,0.550575307848072,500000,62500250000,True
62,pipe_3_coop,4,250000,6,1,2,MPMC,2757.863968,0.5438991978592035,500000,62500250000,True
63,pipe_2,0,250000,6,2,1,MPMC,398.910171,1.880122530142256,500000,5833355,True
64,pipe_2,0,250000,6,2,2,PADDEDFAA,396.055275,1.893675068461088,500000,5833355,True
65,pipe_1,0,250000,6,3,1,MPMC,252.290087,1.981845604579779,250000,3138900,True
66,pipe_1,0,250000,6,3,2,PADDEDFAA,271.071952,1.8445287176004104,250000,3138900,True
67,pipe_3_coop,1,250000,6,4,1,PADDEDFAA,819.049888,1.8313902754602416,500000,62500250000,True
68,pipe_3_coop,1,250000,6,4,2,MPMC,819.248217,1.8309469204496296,500000,62500250000,True
69,pipe_3_coop,8,250000,6,5,1,MPMC,2566.841449,0.5843757901698119,500000,62500250000,True
70,pipe_3_coop,8,250000,6,5,2,PADDEDFAA,2582.583939,0.5808136484349135,500000,62500250000,True
71,pipe_3_coop,2,250000,6,6,1,PADDEDFAA,2843.262114,0.5275630384599849,500000,62500250000,True
72,pipe_3_coop,2,250000,6,6,2,MPMC,3004.285148,0.49928682735011815,500000,62500250000,True
73,pipe_3_coop,4,250000,7,1,1,MPMC,2961.832845,0.5064431649247917,500000,62500250000,True
74,pipe_3_coop,4,250000,7,1,2,PADDEDFAA,2683.907768,0.5588865675208254,500000,62500250000,True
75,pipe_2,0,250000,7,2,1,PADDEDFAA,413.811389,1.8124199090131856,500000,5833355,True
76,pipe_2,0,250000,7,2,2,MPMC,418.307089,1.7929411662444956,500000,5833355,True
77,pipe_3_coop,1,250000,7,3,1,MPMC,822.427652,1.82386863616789,500000,62500250000,True
78,pipe_3_coop,1,250000,7,3,2,PADDEDFAA,813.336592,1.8442549059688684,500000,62500250000,True
79,pipe_3_coop,2,250000,7,4,1,MPMC,2865.883461,0.5233988124124912,500000,62500250000,True
80,pipe_3_coop,2,250000,7,4,2,PADDEDFAA,3055.974052,0.4908418639936803,500000,62500250000,True
81,pipe_3_coop,8,250000,7,5,1,PADDEDFAA,2553.792404,0.5873617595739391,500000,62500250000,True
82,pipe_3_coop,8,250000,7,5,2,MPMC,2501.136243,0.5997274255643178,500000,62500250000,True
83,pipe_1,0,250000,7,6,1,PADDEDFAA,248.2817,2.0138415356427797,250000,3138900,True
84,pipe_1,0,250000,7,6,2,MPMC,271.833542,1.839360942440282,250000,3138900,True
85,pipe_1,0,250000,8,1,1,MPMC,265.713513,1.8817259022878523,250000,3138900,True
86,pipe_1,0,250000,8,1,2,PADDEDFAA,241.268551,2.072379503783732,250000,3138900,True
87,pipe_3_coop,8,250000,8,2,1,MPMC,2522.101905,0.5947420272853725,500000,62500250000,True
88,pipe_3_coop,8,250000,8,2,2,PADDEDFAA,2562.894767,0.5852756887696279,500000,62500250000,True
89,pipe_3_coop,4,250000,8,3,1,PADDEDFAA,2781.399884,0.5392967795205387,500000,62500250000,True
90,pipe_3_coop,4,250000,8,3,2,MPMC,2804.509014,0.534852978725352,500000,62500250000,True
91,pipe_2,0,250000,8,4,1,MPMC,411.185183,1.8239956861480584,500000,5833355,True
92,pipe_2,0,250000,8,4,2,PADDEDFAA,396.923972,1.8895306227561384,500000,5833355,True
93,pipe_3_coop,2,250000,8,5,1,PADDEDFAA,3005.537889,0.499078719150361,500000,62500250000,True
94,pipe_3_coop,2,250000,8,5,2,MPMC,2958.954694,0.5069357780440554,500000,62500250000,True
95,pipe_3_coop,1,250000,8,6,1,PADDEDFAA,815.296495,1.8398214750083035,500000,62500250000,True
96,pipe_3_coop,1,250000,8,6,2,MPMC,821.948616,1.8249315964539565,500000,62500250000,True
97,pipe_1,0,250000,9,1,1,PADDEDFAA,244.531446,2.044726795587673,250000,3138900,True
98,pipe_1,0,250000,9,1,2,MPMC,265.244843,1.8850507868309432,250000,3138900,True
99,pipe_3_coop,8,250000,9,2,1,PADDEDFAA,2550.561154,0.588105875308097,500000,62500250000,True
100,pipe_3_coop,8,250000,9,2,2,MPMC,2565.08464,0.5847760251685106,500000,62500250000,True
101,pipe_3_coop,4,250000,9,3,1,MPMC,2918.754196,0.5139178907410811,500000,62500250000,True
102,pipe_3_coop,4,250000,9,3,2,PADDEDFAA,2942.657074,0.5097433925459165,500000,62500250000,True
103,pipe_2,0,250000,9,4,1,PADDEDFAA,359.58995,2.0857090138364542,500000,5833355,True
104,pipe_2,0,250000,9,4,2,MPMC,417.094832,1.798152224528162,500000,5833355,True
105,pipe_3_coop,2,250000,9,5,1,MPMC,3067.838168,0.4889436527800576,500000,62500250000,True
106,pipe_3_coop,2,250000,9,5,2,PADDEDFAA,3017.16411,0.497155588928174,500000,62500250000,True
107,pipe_3_coop,1,250000,9,6,1,MPMC,815.523048,1.8393103710295138,500000,62500250000,True
108,pipe_3_coop,1,250000,9,6,2,PADDEDFAA,818.261107,1.8331556848638046,500000,62500250000,True
109,pipe_2,0,250000,10,1,1,MPMC,377.808667,1.985131802177529,500000,5833355,True
110,pipe_2,0,250000,10,1,2,PADDEDFAA,356.723829,2.1024667797003267,500000,5833355,True
111,pipe_3_coop,2,250000,10,2,1,PADDEDFAA,3015.834295,0.49737480686086566,500000,62500250000,True
112,pipe_3_coop,2,250000,10,2,2,MPMC,2925.734449,0.5126917791574324,500000,62500250000,True
113,pipe_3_coop,8,250000,10,3,1,MPMC,2535.219761,0.5916646844880759,500000,62500250000,True
114,pipe_3_coop,8,250000,10,3,2,PADDEDFAA,2594.375152,0.578173900117588,500000,62500250000,True
115,pipe_3_coop,4,250000,10,4,1,PADDEDFAA,2725.74129,0.5503090133693502,500000,62500250000,True
116,pipe_3_coop,4,250000,10,4,2,MPMC,2905.152407,0.5163240305003386,500000,62500250000,True
117,pipe_1,0,250000,10,5,1,MPMC,253.304422,1.9739094803485113,250000,3138900,True
118,pipe_1,0,250000,10,5,2,PADDEDFAA,233.188151,2.1441912801135423,250000,3138900,True
119,pipe_3_coop,1,250000,10,6,1,PADDEDFAA,817.277084,1.835362852288172,500000,62500250000,True
120,pipe_3_coop,1,250000,10,6,2,MPMC,820.119286,1.8290022263907593,500000,62500250000,True
121,pipe_3_coop,8,250000,11,1,1,PADDEDFAA,2395.956232,0.6260548418899499,500000,62500250000,True
122,pipe_3_coop,8,250000,11,1,2,MPMC,1289.537956,1.163207327881088,500000,62500250000,True
123,pipe_1,0,250000,11,2,1,PADDEDFAA,241.932655,2.066690831793666,250000,3138900,True
124,pipe_1,0,250000,11,2,2,MPMC,169.507522,2.9497216058647826,250000,3138900,True
125,pipe_2,0,250000,11,3,1,PADDEDFAA,252.769566,2.9671293576537616,500000,5833355,True
126,pipe_2,0,250000,11,3,2,MPMC,382.325731,1.9616780645088208,500000,5833355,True
127,pipe_3_coop,1,250000,11,4,1,MPMC,825.552648,1.8169646764914742,500000,62500250000,True
128,pipe_3_coop,1,250000,11,4,2,PADDEDFAA,819.20577,1.8310417906358254,500000,62500250000,True
129,pipe_3_coop,4,250000,11,5,1,MPMC,2781.755037,0.5392279262726469,500000,62500250000,True
130,pipe_3_coop,4,250000,11,5,2,PADDEDFAA,2847.789137,0.5267243913923252,500000,62500250000,True
131,pipe_3_coop,2,250000,11,6,1,MPMC,2950.28941,0.5084246972231785,500000,62500250000,True
132,pipe_3_coop,2,250000,11,6,2,PADDEDFAA,2945.893456,0.5091833843973208,500000,62500250000,True
133,pipe_3_coop,8,250000,12,1,1,MPMC,1309.781293,1.145229366167165,500000,62500250000,True
134,pipe_3_coop,8,250000,12,1,2,PADDEDFAA,2608.928929,0.5749485864971219,500000,62500250000,True
135,pipe_3_coop,4,250000,12,2,1,PADDEDFAA,2746.321883,0.5461850663919426,500000,62500250000,True
136,pipe_3_coop,4,250000,12,2,2,MPMC,2838.985555,0.5283577429121509,500000,62500250000,True
137,pipe_1,0,250000,12,3,1,MPMC,278.287605,1.7967023719938946,250000,3138900,True
138,pipe_1,0,250000,12,3,2,PADDEDFAA,250.429546,1.996569526185221,250000,3138900,True
139,pipe_3_coop,1,250000,12,4,1,PADDEDFAA,815.867968,1.8385327759307253,500000,62500250000,True
140,pipe_3_coop,1,250000,12,4,2,MPMC,820.113931,1.8290141690081838,500000,62500250000,True
141,pipe_2,0,250000,12,5,1,MPMC,429.320908,1.7469449682613643,500000,5833355,True
142,pipe_2,0,250000,12,5,2,PADDEDFAA,396.338946,1.8923197116237978,500000,5833355,True
143,pipe_3_coop,2,250000,12,6,1,PADDEDFAA,2943.826174,0.5095409549816714,500000,62500250000,True
144,pipe_3_coop,2,250000,12,6,2,MPMC,3116.247733,0.4813481239362044,500000,62500250000,True
145,pipe_3_coop,2,250000,13,1,1,MPMC,2981.325003,0.5031319961730452,500000,62500250000,True
146,pipe_3_coop,2,250000,13,1,2,PADDEDFAA,3040.958348,0.4932655526132185,500000,62500250000,True
147,pipe_1,0,250000,13,2,1,PADDEDFAA,236.941896,2.1102219929902137,250000,3138900,True
148,pipe_1,0,250000,13,2,2,MPMC,276.822649,1.8062105893654676,250000,3138900,True
149,pipe_3_coop,4,250000,13,3,1,MPMC,2972.593283,0.5046099002437933,500000,62500250000,True
150,pipe_3_coop,4,250000,13,3,2,PADDEDFAA,2861.092738,0.52427521138254,500000,62500250000,True
151,pipe_3_coop,1,250000,13,4,1,MPMC,808.864817,1.8544507913737087,500000,62500250000,True
152,pipe_3_coop,1,250000,13,4,2,PADDEDFAA,802.131995,1.870016417933809,500000,62500250000,True
153,pipe_2,0,250000,13,5,1,PADDEDFAA,400.247704,1.8738396060855356,500000,5833355,True
154,pipe_2,0,250000,13,5,2,MPMC,407.330717,1.841255689047384,500000,5833355,True
155,pipe_3_coop,8,250000,13,6,1,PADDEDFAA,2111.994172,0.710229232583318,500000,62500250000,True
156,pipe_3_coop,8,250000,13,6,2,MPMC,2472.84749,0.6065881563929363,500000,62500250000,True
157,pipe_2,0,250000,14,1,1,MPMC,425.678176,1.7618944129285126,500000,5833355,True
158,pipe_2,0,250000,14,1,2,PADDEDFAA,395.777704,1.8950031606631383,500000,5833355,True
159,pipe_3_coop,8,250000,14,2,1,MPMC,2554.149984,0.5872795291570473,500000,62500250000,True
160,pipe_3_coop,8,250000,14,2,2,PADDEDFAA,2554.658678,0.5871625876746577,500000,62500250000,True
161,pipe_3_coop,1,250000,14,3,1,PADDEDFAA,598.932392,2.504456295962032,500000,62500250000,True
162,pipe_3_coop,1,250000,14,3,2,MPMC,820.205989,1.8288088847398065,500000,62500250000,True
163,pipe_3_coop,4,250000,14,4,1,PADDEDFAA,1445.316467,1.0378349892556784,500000,62500250000,True
164,pipe_3_coop,4,250000,14,4,2,MPMC,1464.660868,1.024127859746984,500000,62500250000,True
165,pipe_3_coop,2,250000,14,5,1,PADDEDFAA,2978.400729,0.5036259847087889,500000,62500250000,True
166,pipe_3_coop,2,250000,14,5,2,MPMC,3009.028176,0.49849981863380205,500000,62500250000,True
167,pipe_1,0,250000,14,6,1,MPMC,267.432383,1.869631472415964,250000,3138900,True
168,pipe_1,0,250000,14,6,2,PADDEDFAA,250.516739,1.9958746149893003,250000,3138900,True
169,pipe_3_coop,2,250000,15,1,1,MPMC,2963.249221,0.5062010948555312,500000,62500250000,True
170,pipe_3_coop,2,250000,15,1,2,PADDEDFAA,2846.151553,0.5270274516544693,500000,62500250000,True
171,pipe_3_coop,4,250000,15,2,1,MPMC,2837.025783,0.5287227239837883,500000,62500250000,True
172,pipe_3_coop,4,250000,15,2,2,PADDEDFAA,2713.338958,0.5528244068354986,500000,62500250000,True
173,pipe_3_coop,1,250000,15,3,1,MPMC,821.698088,1.8254880008921233,500000,62500250000,True
174,pipe_3_coop,1,250000,15,3,2,PADDEDFAA,812.09113,1.8470833439591934,500000,62500250000,True
175,pipe_1,0,250000,15,4,1,PADDEDFAA,256.800819,1.9470342888587129,250000,3138900,True
176,pipe_1,0,250000,15,4,2,MPMC,252.215503,1.9824316667798174,250000,3138900,True
177,pipe_2,0,250000,15,5,1,PADDEDFAA,392.893326,1.908915093151773,500000,5833355,True
178,pipe_2,0,250000,15,5,2,MPMC,438.004618,1.7123107135824764,500000,5833355,True
179,pipe_3_coop,8,250000,15,6,1,PADDEDFAA,2338.913357,0.6413234571134223,500000,62500250000,True
180,pipe_3_coop,8,250000,15,6,2,MPMC,2546.643177,0.5890106684545543,500000,62500250000,True
181,pipe_2,0,250000,16,1,1,MPMC,397.118903,1.8886031219722623,500000,5833355,True
182,pipe_2,0,250000,16,1,2,PADDEDFAA,385.466417,1.9456947918759937,500000,5833355,True
183,pipe_3_coop,8,250000,16,2,1,MPMC,2616.655704,0.5732508093086136,500000,62500250000,True
184,pipe_3_coop,8,250000,16,2,2,PADDEDFAA,2475.66185,0.6058985802119947,500000,62500250000,True
185,pipe_3_coop,2,250000,16,3,1,PADDEDFAA,2885.352656,0.5198671285053483,500000,62500250000,True
186,pipe_3_coop,2,250000,16,3,2,MPMC,3077.3317,0.48743526737790405,500000,62500250000,True
187,pipe_1,0,250000,16,4,1,MPMC,307.973949,1.6235139420834586,250000,3138900,True
188,pipe_1,0,250000,16,4,2,PADDEDFAA,236.857255,2.1109760813533027,250000,3138900,True
189,pipe_3_coop,1,250000,16,5,1,PADDEDFAA,805.67147,1.8618010639001528,500000,62500250000,True
190,pipe_3_coop,1,250000,16,5,2,MPMC,804.771034,1.8638841814975167,500000,62500250000,True
191,pipe_3_coop,4,250000,16,6,1,PADDEDFAA,2933.185316,0.5113894413072945,500000,62500250000,True
192,pipe_3_coop,4,250000,16,6,2,MPMC,2707.2196,0.5540740027148149,500000,62500250000,True
193,pipe_2,0,250000,17,1,1,PADDEDFAA,364.619171,2.056940664812164,500000,5833355,True
194,pipe_2,0,250000,17,1,2,MPMC,384.230099,1.951955356834239,500000,5833355,True
195,pipe_3_coop,4,250000,17,2,1,MPMC,2838.098439,0.5285228938459664,500000,62500250000,True
196,pipe_3_coop,4,250000,17,2,2,PADDEDFAA,2767.045061,0.5420945329520241,500000,62500250000,True
197,pipe_1,0,250000,17,3,1,PADDEDFAA,232.100481,2.154239395996771,250000,3138900,True
198,pipe_1,0,250000,17,3,2,MPMC,267.243366,1.8709538331439817,250000,3138900,True
199,pipe_3_coop,2,250000,17,4,1,MPMC,2924.995293,0.5128213380683891,500000,62500250000,True
200,pipe_3_coop,2,250000,17,4,2,PADDEDFAA,2947.260444,0.5089472167462104,500000,62500250000,True
201,pipe_3_coop,8,250000,17,5,1,PADDEDFAA,2482.29721,0.604278969479243,500000,62500250000,True
202,pipe_3_coop,8,250000,17,5,2,MPMC,2593.980443,0.5782618770499343,500000,62500250000,True
203,pipe_3_coop,1,250000,17,6,1,MPMC,810.856791,1.8498950944840764,500000,62500250000,True
204,pipe_3_coop,1,250000,17,6,2,PADDEDFAA,812.626042,1.8458674992844988,500000,62500250000,True
205,pipe_2,0,250000,18,1,1,MPMC,392.486257,1.9108949335772538,500000,5833355,True
206,pipe_2,0,250000,18,1,2,PADDEDFAA,394.133516,1.9029084550119812,500000,5833355,True
207,pipe_1,0,250000,18,2,1,MPMC,281.015547,1.779260988716756,250000,3138900,True
208,pipe_1,0,250000,18,2,2,PADDEDFAA,254.152506,1.9673227223657592,250000,3138900,True
209,pipe_3_coop,1,250000,18,3,1,PADDEDFAA,814.151336,1.8424093085317985,500000,62500250000,True
210,pipe_3_coop,1,250000,18,3,2,MPMC,808.235495,1.8558947352343143,500000,62500250000,True
211,pipe_3_coop,4,250000,18,4,1,PADDEDFAA,2780.879462,0.5393977051134767,500000,62500250000,True
212,pipe_3_coop,4,250000,18,4,2,MPMC,2767.319874,0.5420406994121129,500000,62500250000,True
213,pipe_3_coop,8,250000,18,5,1,MPMC,2627.927431,0.5707920174299517,500000,62500250000,True
214,pipe_3_coop,8,250000,18,5,2,PADDEDFAA,2340.078902,0.6410040271368593,500000,62500250000,True
215,pipe_3_coop,2,250000,18,6,1,PADDEDFAA,3116.138313,0.4813650259817591,500000,62500250000,True
216,pipe_3_coop,2,250000,18,6,2,MPMC,2908.974673,0.5156456032162917,500000,62500250000,True
217,pipe_1,0,250000,19,1,1,PADDEDFAA,231.686728,2.1580865003195178,250000,3138900,True
218,pipe_1,0,250000,19,1,2,MPMC,265.401772,1.8839361780900241,250000,3138900,True
219,pipe_3_coop,4,250000,19,2,1,MPMC,2901.244017,0.5170195927025327,500000,62500250000,True
220,pipe_3_coop,4,250000,19,2,2,PADDEDFAA,2748.471874,0.5457578133470105,500000,62500250000,True
221,pipe_3_coop,1,250000,19,3,1,MPMC,819.851326,1.8296000170157682,500000,62500250000,True
222,pipe_3_coop,1,250000,19,3,2,PADDEDFAA,813.555894,1.843757768903829,500000,62500250000,True
223,pipe_3_coop,2,250000,19,4,1,MPMC,2947.494234,0.5089068479582308,500000,62500250000,True
224,pipe_3_coop,2,250000,19,4,2,PADDEDFAA,2155.215283,0.6959861559222249,500000,62500250000,True
225,pipe_2,0,250000,19,5,1,PADDEDFAA,387.11303,1.9374186397187407,500000,5833355,True
226,pipe_2,0,250000,19,5,2,MPMC,276.37741,2.7136805428489974,500000,5833355,True
227,pipe_3_coop,8,250000,19,6,1,PADDEDFAA,1292.255461,1.1607612002964482,500000,62500250000,True
228,pipe_3_coop,8,250000,19,6,2,MPMC,1258.394253,1.1919952720890246,500000,62500250000,True
229,pipe_3_coop,4,250000,20,1,1,PADDEDFAA,1389.37229,1.0796242380794856,500000,62500250000,True
230,pipe_3_coop,4,250000,20,1,2,MPMC,2960.18457,0.5067251600463548,500000,62500250000,True
231,pipe_3_coop,1,250000,20,2,1,PADDEDFAA,811.693336,1.8479885610395106,500000,62500250000,True
232,pipe_3_coop,1,250000,20,2,2,MPMC,811.268825,1.8489555542825156,500000,62500250000,True
233,pipe_3_coop,2,250000,20,3,1,PADDEDFAA,3045.646467,0.49250627617246684,500000,62500250000,True
234,pipe_3_coop,2,250000,20,3,2,MPMC,3097.14274,0.48431736149170834,500000,62500250000,True
235,pipe_3_coop,8,250000,20,4,1,MPMC,1279.131221,1.1726709311553893,500000,62500250000,True
236,pipe_3_coop,8,250000,20,4,2,PADDEDFAA,2470.315001,0.6072100114328699,500000,62500250000,True
237,pipe_1,0,250000,20,5,1,MPMC,255.906611,1.953837761541846,250000,3138900,True
238,pipe_1,0,250000,20,5,2,PADDEDFAA,240.648797,2.0777165987661266,250000,3138900,True
239,pipe_2,0,250000,20,6,1,MPMC,406.367347,1.8456207309392898,500000,5833355,True
240,pipe_2,0,250000,20,6,2,PADDEDFAA,337.517324,2.2221081605873363,500000,5833355,True
241,pipe_2,0,250000,21,1,1,PADDEDFAA,430.686848,1.7414044647121427,500000,5833355,True
242,pipe_2,0,250000,21,1,2,MPMC,396.693957,1.890626229025213,500000,5833355,True
243,pipe_3_coop,4,250000,21,2,1,MPMC,2773.756517,0.5407828664148029,500000,62500250000,True
244,pipe_3_coop,4,250000,21,2,2,PADDEDFAA,2966.428522,0.5056585685026662,500000,62500250000,True
245,pipe_3_coop,8,250000,21,3,1,PADDEDFAA,1842.459308,0.8141292420879886,500000,62500250000,True
246,pipe_3_coop,8,250000,21,3,2,MPMC,2574.251627,0.5826936202612334,500000,62500250000,True
247,pipe_3_coop,2,250000,21,4,1,MPMC,2927.494355,0.5123835670043504,500000,62500250000,True
248,pipe_3_coop,2,250000,21,4,2,PADDEDFAA,2825.253178,0.5309258694691043,500000,62500250000,True
249,pipe_1,0,250000,21,5,1,PADDEDFAA,236.471401,2.114420593296185,250000,3138900,True
250,pipe_1,0,250000,21,5,2,MPMC,292.662395,1.7084531820359086,250000,3138900,True
251,pipe_3_coop,1,250000,21,6,1,MPMC,826.230997,1.8154729191308712,500000,62500250000,True
252,pipe_3_coop,1,250000,21,6,2,PADDEDFAA,811.749372,1.8478609922472475,500000,62500250000,True
253,pipe_3_coop,4,250000,22,1,1,PADDEDFAA,2790.826251,0.5374752367556113,500000,62500250000,True
254,pipe_3_coop,4,250000,22,1,2,MPMC,2763.739366,0.5427429295443917,500000,62500250000,True
255,pipe_1,0,250000,22,2,1,MPMC,292.523113,1.7092666451966823,250000,3138900,True
256,pipe_1,0,250000,22,2,2,PADDEDFAA,244.46345,2.0452955237275754,250000,3138900,True
257,pipe_3_coop,1,250000,22,3,1,PADDEDFAA,817.76704,1.8342632151083027,500000,62500250000,True
258,pipe_3_coop,1,250000,22,3,2,MPMC,891.733837,1.6821162747915328,500000,62500250000,True
259,pipe_3_coop,8,250000,22,4,1,MPMC,2635.980309,0.5690482568775517,500000,62500250000,True
260,pipe_3_coop,8,250000,22,4,2,PADDEDFAA,2552.698868,0.5876133761030837,500000,62500250000,True
261,pipe_2,0,250000,22,5,1,MPMC,379.427282,1.9766633438868007,500000,5833355,True
262,pipe_2,0,250000,22,5,2,PADDEDFAA,393.587504,1.9055483021635768,500000,5833355,True
263,pipe_3_coop,2,250000,22,6,1,PADDEDFAA,2775.621966,0.540419415314571,500000,62500250000,True
264,pipe_3_coop,2,250000,22,6,2,MPMC,2872.546817,0.5221847007411194,500000,62500250000,True
265,pipe_1,0,250000,23,1,1,PADDEDFAA,240.294743,2.080777938616826,250000,3138900,True
266,pipe_1,0,250000,23,1,2,MPMC,248.141144,2.014982247361606,250000,3138900,True
267,pipe_3_coop,1,250000,23,2,1,MPMC,824.615164,1.819030337404758,500000,62500250000,True
268,pipe_3_coop,1,250000,23,2,2,PADDEDFAA,817.957504,1.8338361010989637,500000,62500250000,True
269,pipe_3_coop,2,250000,23,3,1,MPMC,2837.527697,0.5286292012535728,500000,62500250000,True
270,pipe_3_coop,2,250000,23,3,2,PADDEDFAA,2820.455758,0.5318289413848696,500000,62500250000,True
271,pipe_2,0,250000,23,4,1,PADDEDFAA,394.772609,1.8998278576110632,500000,5833355,True
272,pipe_2,0,250000,23,4,2,MPMC,398.432868,1.8823748245589016,500000,5833355,True
273,pipe_3_coop,4,250000,23,5,1,MPMC,2826.041905,0.5307776920597361,500000,62500250000,True
274,pipe_3_coop,4,250000,23,5,2,PADDEDFAA,2780.886919,0.5393962587084973,500000,62500250000,True
275,pipe_3_coop,8,250000,23,6,1,PADDEDFAA,2455.238334,0.6109386527686889,500000,62500250000,True
276,pipe_3_coop,8,250000,23,6,2,MPMC,1307.751724,1.147006708132621,500000,62500250000,True
277,pipe_3_coop,1,250000,24,1,1,PADDEDFAA,818.177991,1.8333419090956702,500000,62500250000,True
278,pipe_3_coop,1,250000,24,1,2,MPMC,595.565915,2.5186129061801665,500000,62500250000,True
279,pipe_1,0,250000,24,2,1,MPMC,247.343477,2.0214804371008337,250000,3138900,True
280,pipe_1,0,250000,24,2,2,PADDEDFAA,245.287525,2.0384240902589728,250000,3138900,True
281,pipe_3_coop,2,250000,24,3,1,PADDEDFAA,2934.633011,0.511137165832147,500000,62500250000,True
282,pipe_3_coop,2,250000,24,3,2,MPMC,2776.035543,0.5403389030022949,500000,62500250000,True
283,pipe_3_coop,8,250000,24,4,1,MPMC,2539.651249,0.5906322770067868,500000,62500250000,True
284,pipe_3_coop,8,250000,24,4,2,PADDEDFAA,2438.709695,0.6150793606452611,500000,62500250000,True
285,pipe_2,0,250000,24,5,1,MPMC,413.566724,1.8134921319250046,500000,5833355,True
286,pipe_2,0,250000,24,5,2,PADDEDFAA,402.158687,1.8649354701120755,500000,5833355,True
287,pipe_3_coop,4,250000,24,6,1,PADDEDFAA,2751.691495,0.5451192485515168,500000,62500250000,True
288,pipe_3_coop,4,250000,24,6,2,MPMC,2813.651341,0.533115094305496,500000,62500250000,True
289,pipe_2,0,250000,25,1,1,PADDEDFAA,363.794042,2.061606055659372,500000,5833355,True
290,pipe_2,0,250000,25,1,2,MPMC,404.236316,1.855350373814509,500000,5833355,True
291,pipe_3_coop,4,250000,25,2,1,MPMC,2816.117384,0.5326482512846844,500000,62500250000,True
292,pipe_3_coop,4,250000,25,2,2,PADDEDFAA,2842.056141,0.5277868998999482,500000,62500250000,True
293,pipe_3_coop,8,250000,25,3,1,PADDEDFAA,2348.866708,0.6386058412302211,500000,62500250000,True
294,pipe_3_coop,8,250000,25,3,2,MPMC,2537.582227,0.5911138500419517,500000,62500250000,True
295,pipe_1,0,250000,25,4,1,PADDEDFAA,247.73155,2.0183137755364626,250000,3138900,True
296,pipe_1,0,250000,25,4,2,MPMC,249.816795,2.0014667148379672,250000,3138900,True
297,pipe_3_coop,1,250000,25,5,1,MPMC,826.334858,1.815244734598864,500000,62500250000,True
298,pipe_3_coop,1,250000,25,5,2,PADDEDFAA,806.084692,1.8608466515823625,500000,62500250000,True
299,pipe_3_coop,2,250000,25,6,1,MPMC,2939.441131,0.5103010855297173,500000,62500250000,True
300,pipe_3_coop,2,250000,25,6,2,PADDEDFAA,2897.374703,0.5177100491858613,500000,62500250000,True
301,pipe_3_coop,1,250000,26,1,1,PADDEDFAA,816.470292,1.8371764590792974,500000,62500250000,True
302,pipe_3_coop,1,250000,26,1,2,MPMC,821.169086,1.8266639910991487,500000,62500250000,True
303,pipe_3_coop,2,250000,26,2,1,PADDEDFAA,2855.792502,0.5252482450841591,500000,62500250000,True
304,pipe_3_coop,2,250000,26,2,2,MPMC,2835.644759,0.5289802240704439,500000,62500250000,True
305,pipe_1,0,250000,26,3,1,MPMC,260.875845,1.9166205288189866,250000,3138900,True
306,pipe_1,0,250000,26,3,2,PADDEDFAA,252.722441,1.978455090974687,250000,3138900,True
307,pipe_2,0,250000,26,4,1,MPMC,394.019411,1.9034595227086415,500000,5833355,True
308,pipe_2,0,250000,26,4,2,PADDEDFAA,405.293562,1.8505105195823466,500000,5833355,True
309,pipe_3_coop,4,250000,26,5,1,PADDEDFAA,2864.074312,0.523729427590355,500000,62500250000,True
310,pipe_3_coop,4,250000,26,5,2,MPMC,2796.563959,0.5363724992495336,500000,62500250000,True
311,pipe_3_coop,8,250000,26,6,1,MPMC,2476.336778,0.6057334419640074,500000,62500250000,True
312,pipe_3_coop,8,250000,26,6,2,PADDEDFAA,2565.48502,0.5846847626496763,500000,62500250000,True
313,pipe_3_coop,8,250000,27,1,1,PADDEDFAA,2540.918875,0.5903376194960179,500000,62500250000,True
314,pipe_3_coop,8,250000,27,1,2,MPMC,2602.214309,0.576432154266507,500000,62500250000,True
315,pipe_3_coop,4,250000,27,2,1,MPMC,2777.515039,0.540051081249969,500000,62500250000,True
316,pipe_3_coop,4,250000,27,2,2,PADDEDFAA,2809.313544,0.5339382651693079,500000,62500250000,True
317,pipe_3_coop,1,250000,27,3,1,MPMC,818.809274,1.8319284449140227,500000,62500250000,True
318,pipe_3_coop,1,250000,27,3,2,PADDEDFAA,814.942252,1.8406212174160288,500000,62500250000,True
319,pipe_3_coop,2,250000,27,4,1,MPMC,2862.000017,0.5241090115618962,500000,62500250000,True
320,pipe_3_coop,2,250000,27,4,2,PADDEDFAA,2838.774823,0.5283969647211431,500000,62500250000,True
321,pipe_2,0,250000,27,5,1,PADDEDFAA,378.072708,1.983745412271335,500000,5833355,True
322,pipe_2,0,250000,27,5,2,MPMC,387.804309,1.9339651019710564,500000,5833355,True
323,pipe_1,0,250000,27,6,1,PADDEDFAA,236.577946,2.113468345016403,250000,3138900,True
324,pipe_1,0,250000,27,6,2,MPMC,252.252863,1.9821380580326655,250000,3138900,True
325,pipe_3_coop,4,250000,28,1,1,PADDEDFAA,2774.211428,0.5406941896571266,500000,62500250000,True
326,pipe_3_coop,4,250000,28,1,2,MPMC,2758.978455,0.5436794902408907,500000,62500250000,True
327,pipe_1,0,250000,28,2,1,MPMC,250.912573,1.9927259683395777,250000,3138900,True
328,pipe_1,0,250000,28,2,2,PADDEDFAA,242.104006,2.065228115225817,250000,3138900,True
329,pipe_2,0,250000,28,3,1,MPMC,396.468554,1.8917011007132736,500000,5833355,True
330,pipe_2,0,250000,28,3,2,PADDEDFAA,396.781026,1.890211352999526,500000,5833355,True
331,pipe_3_coop,2,250000,28,4,1,PADDEDFAA,2938.70917,0.5104281891222329,500000,62500250000,True
332,pipe_3_coop,2,250000,28,4,2,MPMC,2875.613305,0.5216278549664034,500000,62500250000,True
333,pipe_3_coop,8,250000,28,5,1,MPMC,2411.344286,0.6220596572247419,500000,62500250000,True
334,pipe_3_coop,8,250000,28,5,2,PADDEDFAA,2464.758747,0.6085788322389509,500000,62500250000,True
335,pipe_3_coop,1,250000,28,6,1,PADDEDFAA,818.576811,1.8324486839146485,500000,62500250000,True
336,pipe_3_coop,1,250000,28,6,2,MPMC,820.694378,1.8277205744426337,500000,62500250000,True
337,pipe_1,0,250000,29,1,1,PADDEDFAA,232.51796,2.1503715239889427,250000,3138900,True
338,pipe_1,0,250000,29,1,2,MPMC,232.982106,2.1460875626216547,250000,3138900,True
339,pipe_3_coop,8,250000,29,2,1,PADDEDFAA,2435.047503,0.6160044098326569,500000,62500250000,True
340,pipe_3_coop,8,250000,29,2,2,MPMC,2491.999153,0.6019263683112496,500000,62500250000,True
341,pipe_3_coop,2,250000,29,3,1,MPMC,2863.102649,0.5239071678145759,500000,62500250000,True
342,pipe_3_coop,2,250000,29,3,2,PADDEDFAA,2743.515819,0.5467437036855664,500000,62500250000,True
343,pipe_2,0,250000,29,4,1,PADDEDFAA,383.278064,1.956803872814386,500000,5833355,True
344,pipe_2,0,250000,29,4,2,MPMC,397.769576,1.8855137377324203,500000,5833355,True
345,pipe_3_coop,1,250000,29,5,1,MPMC,818.938198,1.8316400476412995,500000,62500250000,True
346,pipe_3_coop,1,250000,29,5,2,PADDEDFAA,811.542651,1.8483316904560325,500000,62500250000,True
347,pipe_3_coop,4,250000,29,6,1,MPMC,2740.896185,0.547266258462832,500000,62500250000,True
348,pipe_3_coop,4,250000,29,6,2,PADDEDFAA,2784.038101,0.5387857297862462,500000,62500250000,True
349,pipe_3_coop,1,250000,30,1,1,PADDEDFAA,809.692716,1.85255464247007,500000,62500250000,True
350,pipe_3_coop,1,250000,30,1,2,MPMC,819.668478,1.8300081560535502,500000,62500250000,True
351,pipe_3_coop,8,250000,30,2,1,MPMC,2420.068136,0.6198172595583483,500000,62500250000,True
352,pipe_3_coop,8,250000,30,2,2,PADDEDFAA,2483.625345,0.603955827323062,500000,62500250000,True
353,pipe_3_coop,4,250000,30,3,1,PADDEDFAA,2739.208902,0.5476033605559596,500000,62500250000,True
354,pipe_3_coop,4,250000,30,3,2,MPMC,2888.703209,0.5192641443145224,500000,62500250000,True
355,pipe_2,0,250000,30,4,1,MPMC,385.135447,1.9473668441637884,500000,5833355,True
356,pipe_2,0,250000,30,4,2,PADDEDFAA,375.240098,1.9987202966778888,500000,5833355,True
357,pipe_3_coop,2,250000,30,5,1,PADDEDFAA,2902.686533,0.5167626551978081,500000,62500250000,True
358,pipe_3_coop,2,250000,30,5,2,MPMC,2847.977986,0.5266894643756562,500000,62500250000,True
359,pipe_1,0,250000,30,6,1,MPMC,265.264491,1.8849111621200743,250000,3138900,True
360,pipe_1,0,250000,30,6,2,PADDEDFAA,227.752689,2.1953637614351065,250000,3138900,True
