producers,consumers,capacity,messages_per_producer,repetitions,cas_mean_Mmsg_s,cas_stddev_Mmsg_s,cas_ci95_Mmsg_s,faa_mean_Mmsg_s,faa_stddev_Mmsg_s,faa_ci95_Mmsg_s,rigtorp_mean_Mmsg_s,rigtorp_stddev_Mmsg_s,rigtorp_ci95_Mmsg_s,padded_faa_mean_Mmsg_s,padded_faa_stddev_Mmsg_s,padded_faa_ci95_Mmsg_s,blprq_mean_Mmsg_s,blprq_stddev_Mmsg_s,blprq_ci95_Mmsg_s,wcq_mean_Mmsg_s,wcq_stddev_Mmsg_s,wcq_ci95_Mmsg_s,wcq_vs_padded_faa_mean,wcq_vs_padded_faa_ci95,wcq_vs_rigtorp_mean,wcq_vs_rigtorp_ci95,faa_vs_cas_mean,faa_vs_cas_ci95,hybrid1_mean_Mmsg_s,hybrid1_stddev_Mmsg_s,hybrid1_ci95_Mmsg_s,hybrid1_vs_cas_mean,hybrid1_vs_cas_ci95,hybrid1_vs_faa_mean,hybrid1_vs_faa_ci95,hybrid2_mean_Mmsg_s,hybrid2_stddev_Mmsg_s,hybrid2_ci95_Mmsg_s,hybrid2_vs_cas_mean,hybrid2_vs_cas_ci95,hybrid2_vs_faa_mean,hybrid2_vs_faa_ci95,hybrid4_mean_Mmsg_s,hybrid4_stddev_Mmsg_s,hybrid4_ci95_Mmsg_s,hybrid4_vs_cas_mean,hybrid4_vs_cas_ci95,hybrid4_vs_faa_mean,hybrid4_vs_faa_ci95,hybrid8_mean_Mmsg_s,hybrid8_stddev_Mmsg_s,hybrid8_ci95_Mmsg_s,hybrid8_vs_cas_mean,hybrid8_vs_cas_ci95,hybrid8_vs_faa_mean,hybrid8_vs_faa_ci95
1,1,16,100000,10,3.8539472537010298,0.24965842892387743,0.17858247343016082,5.388868065238122,0.2804150046117598,0.20058287367404243,3.8310741014451644,0.828923617958999,0.5929350377548497,4.494057967088516,0.009324088382935735,0.006669587616502218,2.0360715022888414,0.01935310322169314,0.013843414207068375,2.145838059150073,0.05721740926060711,0.0409280251945371,0.47747603774018427,0.008852922657457464,0.5833778339650181,0.08682108165593799,1.400285216323038,0.03755519203630707,4.378247865398666,0.07536749173377706,0.05391090999034102,1.1406598381671125,0.05778075248161995,0.8143119871578838,0.02959502857794865,4.85731840074455,0.07786183508993563,0.05569513176906055,1.2667701819981168,0.07937619088867766,0.9041973091570785,0.044155108517269163,4.735027458360439,0.09686038164699494,0.06928492903872216,1.2345053092607354,0.07438708768309625,0.8810955724849745,0.03953416407831886,4.759225167778952,0.026286877997372827,0.01880319327395535,1.2402240801481765,0.06565683212146413,0.8854604328012499,0.035310410011049995
1,1,1024,100000,10,4.973081844320948,0.6473853995212282,0.4630794418093714,6.72580966241174,0.35442677820562835,0.2535240287086122,3.4128757478912406,0.24708141228077432,0.17673911485348578,4.85627689583873,0.1645747385720174,0.11772149654628414,2.2101861394320688,0.027131194897803152,0.01940713923759717,2.1808332346361716,0.08220282685269184,0.05880027446131602,0.4495254711494748,0.01631717146237808,0.6427421800998949,0.04364023530576519,1.370619179827,0.11135025187556118,5.818042955356729,0.5480293779956501,0.3920093635800957,1.1872869896953235,0.12628574707362888,0.8658157201393946,0.05450215884639131,5.839266092433657,0.3359429971739013,0.24030244692899697,1.1992729114506864,0.1602631715856618,0.8704248363255221,0.04863633052054078,5.604284855047711,0.5763602919855129,0.41227467053029476,1.154436706386983,0.18673068933599882,0.8359409709165952,0.07302541941580913,5.856559953400952,0.5262747316545275,0.3764481082724264,1.2020798366777694,0.16616510306066112,0.8723334086773941,0.05951459754248142
1,1,65536,100000,10,12.406953400362024,12.91092898123857,9.235280545860293,13.954790404159525,13.014658427227138,9.309478966126036,9.883828902326332,11.389854937992421,8.147245320756252,20.292969432161748,10.407882059546107,7.444833043990116,6.2130091535589305,5.25543510201707,3.7592506029750816,4.047560310748838,2.385522789092541,1.7063816428567529,0.19795825938172668,0.031612011441167,0.7752976066949249,0.4071137490136683,1.2539116356822928,0.1062465887650507,12.00347881479228,10.498405890749627,7.50958539283081,1.1384184863412712,0.1419495326074842,0.9023310665557267,0.041440737108977437,12.001190086434743,10.359950573412677,7.4105473065295895,1.1499750222634675,0.14331754656898363,0.9118022575302668,0.050010937940877104,11.843739142601844,10.568632010768438,7.559818642580957,1.1067211990598664,0.13061108340579655,0.8805714294144721,0.0608988515575748,12.130686314694856,10.510845819665121,7.518483763635273,1.159294999076273,0.14596640413010478,0.9194773227273487,0.055527328513210655
2,2,16,100000,10,3.502968294577431,1.1586069894356252,0.8287599293111529,5.437673470408585,1.9838243434184084,1.4190438497337712,5.70835128775323,2.1239248795951333,1.519258772927732,6.283026301348849,2.62707955606719,1.8791689391081394,2.2711105041376984,0.8958552480778813,0.6408117151370787,2.795480991372675,1.0700341231256196,0.7654031197188654,0.45204259578612155,0.01945461257811887,0.48832917862311087,0.028396854500756383,1.541795731355551,0.0947973262295815,4.089412291305697,1.425558050615669,1.0197119472174827,1.1733098336780716,0.09936538979533334,0.7598656938461354,0.04031327361338447,3.5098863625301044,1.1713529730352483,0.8378772232368269,1.0133222126847508,0.0902475179383449,0.6573658158166656,0.051110323789206435,3.3117776967576296,1.0602872042042142,0.7584310783709701,0.9607408295674478,0.08873241510028805,0.6237848992940085,0.054659346072762446,3.1977050079649634,0.9734112529700416,0.6962880843616349,0.9323658858579543,0.08904892940469664,0.60577086994886,0.057642211226623025
2,2,1024,100000,10,3.6090755902181613,0.7546308668344567,0.5397928974676598,5.677234451346867,1.155711110595405,0.8266884863069262,4.851483253056047,1.6935562085553233,1.2114129609821056,5.556437577699077,1.3100987646411622,0.937123087876008,2.059661044396189,0.47531203935784005,0.3399941271982379,2.851560567325429,0.7412437193271351,0.5302169743781139,0.5385250767112375,0.13119051884605362,0.6380030037598272,0.1625485351104871,1.5858005315811838,0.14212032371831243,4.199680697533114,0.9039031136286468,0.6465684113643362,1.190796552378648,0.21575388766021592,0.7425603617261779,0.06363870898878535,3.511672948359327,0.8533783519595081,0.6104276852240811,1.0074812108020563,0.23581206167427565,0.6296345452782374,0.1069009137212405,3.0537398233399164,0.6887631472473114,0.49267724295609816,0.8948330034564128,0.2549010915894263,0.5558035013577081,0.11287862407510672,3.0863802900473667,0.7550946895000409,0.5401246731629968,0.8997137781092919,0.23904040483784886,0.5636839461960851,0.11966767303948105
2,2,65536,100000,10,3.363023116640232,0.875197450904058,0.6260350439434744,5.568894938709482,1.3473493968493098,0.9637687335497477,5.735373398280606,1.3616710617601229,0.9740131236728258,6.175197901377549,1.0848396897958705,0.7759936482578186,1.9954118129828107,0.6030296159929863,0.43135143019146027,2.6717816086701895,0.9815480495414654,0.702108393588871,0.42330575976813395,0.06529486472108141,0.46273208451541314,0.07466676843653046,1.664504434948941,0.05732847856446668,4.03834282363515,1.0602666596987886,0.7584163827381806,1.203786745811033,0.05579813246818862,0.7237040680136696,0.030581081871881657,3.3323461961102274,0.866401299706692,0.619743093600511,0.9986640538166434,0.07825616188343078,0.5999424746233332,0.042813653795725166,3.1693587848506595,0.7764192306004437,0.555378271092327,0.9510797195104512,0.06849805133327752,0.5716265948388449,0.038843153576745386,3.3022479511743796,0.6918984941181477,0.4949199791684061,0.9975716832302706,0.0748387054010449,0.5996265748237224,0.04227604081251962
4,4,16,100000,10,2.4602467334170566,0.885953224693826,0.633728726449254,5.874428861216775,2.103308918255802,1.5045120272080394,6.5701606311959555,2.2106930371538365,1.581324661344164,7.345786383894939,2.9172642665042434,2.0867401537666477,2.111716962423466,0.7570931253340732,0.5415541687172679,4.199381410524112,1.379708162439357,0.9869151917771982,0.6115814663139273,0.17094056867981638,0.6581955342358451,0.15532353995909334,2.389030020558132,0.023304961776876312,4.411666699070994,1.5685957674175817,1.122027856880108,1.7958818340560487,0.03655352553155851,0.7516408758076958,0.010712877804193024,3.2611961008152286,1.2041277042120169,0.8613212246462106,1.3198359245981837,0.0229501868795683,0.5524665750558069,0.008366636077179745,2.7305110534931405,0.9843540516480498,0.7041155471178107,1.110156146829155,0.01774427690975224,0.46478166416208344,0.00919880332133176,2.4644389063359498,0.8438321182737721,0.6035991954715446,1.0093533607353422,0.02033920125909577,0.4225245258799073,0.008333595964396607
4,4,1024,100000,10,3.2982779668439264,0.12013046728883725,0.0859301889995583,7.8954441168491485,0.2249832745976915,0.16093215771346292,8.339965184282729,0.18991267310430873,0.13584590372088728,9.41956319623608,0.45052897945024195,0.32226662584150956,2.666729123552693,0.07230460731852892,0.051720006694732756,5.376599531222281,0.148954604422398,0.10654830201897063,0.5720516679109661,0.02373923201298055,0.6449120301806281,0.014917541762516267,2.3965737318513214,0.07724931948278375,5.819118125154728,0.1888486603854047,0.13508480775500276,1.765619399408123,0.0476276745029855,0.737752191834802,0.02591455639359716,4.349389086220196,0.10987550715464377,0.07859474211083997,1.3202179641707252,0.041194523350387154,0.5513179737714707,0.015854479004448776,3.5832993820029855,0.08096769168845372,0.05791677337705074,1.0877117954063207,0.03366189271738824,0.45430503421732144,0.01434597783216734,3.3079223499638437,0.08980791430473412,0.06424024832357442,1.0039152331150496,0.028620645071473192,0.4193006485792222,0.01223426908133423
4,4,65536,100000,10,3.4197918181137252,0.14090836994723757,0.1007927725118483,8.616366337909852,0.19655002900085786,0.1405936522273213,8.45898269512015,0.16286444477049958,0.11649811106443263,9.823209489619305,0.630679202079596,0.4511293783823162,2.8588013666743963,0.0876373744619848,0.06268764553156105,5.7570617992162365,0.17033586656550184,0.12184247291891799,0.5875208040512414,0.02039328056509078,0.6807559254033047,0.01589942099479519,2.523003588337766,0.07769887916028911,6.219838235163917,0.14877595243227176,0.10642051096293666,1.8208969442689629,0.049876354544252134,0.7222008488330136,0.016886251785831856,4.543580734766844,0.07985504902199524,0.05712089205921761,1.3302650829660387,0.03487404647590001,0.5274925417259537,0.008561549854670648,3.7982237027536194,0.13130840726954313,0.0939258500241536,1.1113684563457744,0.023410571545296265,0.44098283725846327,0.012297113271298617,3.487915387499251,0.13150827179611438,0.0940688145603797,1.0203599452167704,0.018068190464264684,0.40494539440341804,0.011875839647609838
8,8,16,100000,10,2.3862184207318675,0.08537565697589884,0.0610698227141763,8.887050233435836,0.23106604576220766,0.16528320776433128,9.31958478322019,0.4369354628929275,0.3125430854832577,9.796747537452415,0.3973239302442247,0.28420867071001643,2.2162479076822725,0.09510788196706516,0.06803135338787622,5.955512043872358,0.37299708122878356,0.26680750029223665,0.6088367183500718,0.032889557536737876,0.6402691823338149,0.035444141807197675,3.72704600022398,0.08562906507850494,5.864711230700851,0.5322526717577382,0.38072417190965374,2.4551379521468926,0.12177281636701241,0.6592217266084992,0.03500666258486843,3.9658887229594724,0.15697083138892132,0.11228236693890883,1.6621757658814822,0.02772386715461152,0.446216340645881,0.008559508603183774,2.9474427233500338,0.10958511807256957,0.07838702470767656,1.2353604337559927,0.01765779398030596,0.33171434684038253,0.007869514985673112,2.4807844279622815,0.11131624747009365,0.07962531404150784,1.0398248146604305,0.025068481195978726,0.2791649015283383,0.007742916638133862
8,8,1024,100000,10,2.665110950676926,0.06288220254462469,0.044980092655231084,9.708756842513903,0.09917411556421647,0.07093995958416657,8.692716576878233,0.11273914166494514,0.08064312051349952,11.13000294132706,0.2968056814560308,0.2123072429439335,2.1320373015386935,0.041925973336326354,0.029989950876647728,6.597975435071843,0.1407356255615469,0.1006692072078416,0.5931918225594714,0.014463273358003736,0.7590946501522952,0.011997492904002368,3.6442468270178607,0.04973921565837722,7.3566263976776725,0.10437099488348481,0.07465732481374576,2.7619670864556634,0.060695824773751204,0.7578046473066327,0.009537885966044211,4.496992253457316,0.04880391508338975,0.034909792175791904,1.6881373616962723,0.029382979191181206,0.46320419138099583,0.003049428974925934,3.2099113397667614,0.01775588394719622,0.012700911749292526,1.20495650634852,0.018628630099475855,0.3306482077271383,0.0025227553294283524,2.7086599761439047,0.02835433746060115,0.020282061927624887,1.016675626620178,0.012285337139080383,0.2790085970055256,0.002374767537225167
8,8,65536,100000,10,2.870317598213435,0.09251189208360364,0.0661744231156378,9.072431733034058,0.05895695407383815,0.04217233413587121,8.76035496764463,0.060364437365244765,0.043179117077566546,10.17853657939435,0.2614429330958085,0.1870120141920839,2.4103351401519153,0.029866053193025138,0.021363403085555017,6.920274746377771,0.20121383982567037,0.14392970972113547,0.6800037537419671,0.01172353849438996,0.7898829146364208,0.013886394426564252,3.163591322772464,0.07091157073706178,7.388392269120651,0.1826863058128175,0.13067683111880501,2.5753011783597506,0.04617385119448073,0.8143107154293648,0.01151964587431652,4.642742275546292,0.11533200463791113,0.0824978140841257,1.6180910127532724,0.022398444033371396,0.5117204517798091,0.008029506098234527,3.4116292263988877,0.03656047232960732,0.02615196933882406,1.189461093042866,0.022395416261615834,0.3760397754522348,0.0019251833518918408,2.995363228913593,0.060637525831661016,0.04337445922566896,1.0441816217356181,0.019359369561841873,0.3301380464431538,0.0034739563100070095
1,8,16,100000,10,3.4792530864896256,0.2929582308118323,0.20955513377059998,4.691476990789658,0.1776157373156574,0.12704981693056785,8.070558656144975,0.16108484290445144,0.11522514902453808,8.035800309748682,0.05959673440687162,0.042629973618814224,1.661193614118093,0.03513017791982166,0.025128869439758627,3.932921957206421,0.14786753267728353,0.1057707117654576,0.4894612961615753,0.013642774017999139,0.4876099011142804,0.016840944746033655,1.3547132806761004,0.06042558212649208,5.001525070669724,0.07773762917299361,0.05560628638155341,1.4502121316795684,0.12055977800917694,1.0678018239042093,0.03779266976741619,6.1636075748311345,0.0852207070415022,0.060958985909420026,1.7865098515860247,0.14247686116222893,1.3157572523007839,0.0433310947961998,4.4406316312722875,0.0495541360161017,0.03544643061560053,1.2870994826104725,0.10224534994073678,0.9479249227176638,0.030272818506462632,3.7055989348859706,0.06034306066985684,0.043163826173299495,1.0740082927008445,0.0853398631009331,0.7909075794478794,0.024142251911035258
1,8,1024,100000,10,3.406431571277885,0.3390623591403032,0.242533749023964,4.283110622745825,0.1933521778872611,0.1383062062797157,7.2933572342414665,0.03157646647612215,0.022586874033441184,7.450675244670381,0.0336980084473778,0.024104428294860706,1.4766494140385613,0.009567057620326037,0.006843385263021215,3.8909299790224425,0.22718711374899866,0.16250857974086685,0.522291337999251,0.02264794398221408,0.5335433528003365,0.022962259778950552,1.2656539695847373,0.06625066832820069,4.775833867510196,0.3636568366966736,0.2601263560657971,1.4061506701984934,0.035221108030177396,1.113492204664547,0.028549540338385807,6.170549652732617,0.1525333137778737,0.1091081786117348,1.827937828488271,0.131825093780061,1.4420429109678699,0.02449945715383351,4.463783547598281,0.04512470333904487,0.032278025499976035,1.324601087925855,0.1134060857514175,1.043861331754249,0.029558810639122784,3.704946035049139,0.028518577692744546,0.02039954414931208,1.0997655799594297,0.09689167945060036,0.8665110487689154,0.02640083233888657
1,8,65536,100000,10,3.7814137093050584,0.47073160503884853,0.3367177095199095,4.361512874820713,0.4087326045982497,0.29236937769468724,6.784527792316339,0.3069949713073744,0.21959571540606132,6.506901244300335,0.13824287081907144,0.0988861217759383,1.4613658033668389,0.021011304883121074,0.015029537805699579,3.3155425192598913,0.15592691821357554,0.11153564832138352,0.5097723518323839,0.019009105635282405,0.4898400794973659,0.025826978383490226,1.159236101212446,0.037723150798875844,3.935367161725324,0.38057310303835823,0.2722266832909698,1.0455373810338453,0.0321295575304244,0.902034035280429,0.006097021957275977,4.236353383888753,0.4233510992998356,0.3028260923062773,1.1345186299606853,0.11359287406896466,0.9766669283003852,0.0754130378763012,4.70553150999875,0.0815670906167323,0.058345527750154697,1.2672908994687457,0.14697274668718727,1.088698304952793,0.08384518645418387,4.061428165103492,0.07793174150265343,0.05574513632987425,1.0933394415170106,0.12371893423200098,0.9393844435426472,0.06989605922365356
8,1,16,100000,10,3.233950102274261,0.38534705664825986,0.2756415267127275,4.931654701231187,0.4363721459321215,0.31214014080151986,7.345771233223762,0.5380719137523969,0.3848867176461395,8.094372700150709,0.6785284986390967,0.4853563250482921,2.542801700651702,0.2522061373269975,0.18040486761155938,3.8979555435034143,0.48907826983420355,0.34984121106748806,0.4801206228304163,0.018029972079387335,0.5289269633135333,0.023826308220399363,1.5308158049786427,0.04404133702249407,5.506883980000948,0.8708385079283527,0.622917060619227,1.6958112932178242,0.059037404532984665,1.1101980882411637,0.059179442754026174,4.570335473279808,0.6771964226194221,0.4844034814715066,1.4093460307526953,0.054630818900584376,0.9229004117588241,0.053735007768419336,3.748632621415625,0.40544742392033567,0.2900194642803649,1.1615235634121133,0.03854564502185048,0.7595421057823647,0.02930682663602904,3.436245648380683,0.35349438964413693,0.2528570844511047,1.0654257755688477,0.03716755185467641,0.6965989147083118,0.026463017452892226
8,1,1024,100000,10,4.09477338520218,0.2636482751730806,0.18858951127326173,5.3430364306377,0.08915571955313253,0.06377372871756226,7.388508836665362,0.1960171437594894,0.14021247557381034,8.222231079659055,0.06614463457509737,0.04731373379809525,2.5942608860086955,0.0576549738014249,0.04124101826399361,4.2388445780405934,0.13553637882736816,0.09695014854931568,0.5154758847561778,0.009759488548910386,0.5737538858119934,0.009039244976887503,1.3090557540441434,0.05248825198615557,5.607419198503173,0.24699577250604252,0.17667785610543738,1.3719429755281198,0.040183796717970933,1.0491435541402112,0.02338692559587377,6.154148509996797,0.25205146237433523,0.18029422750321944,1.5060885911927762,0.04794048827589678,1.1514723159869578,0.02283953781408329,4.708220755352903,0.1697315521611596,0.12141020247036119,1.152412358250467,0.03653674933122837,0.880993229681948,0.014722031296954692,4.287725449137292,0.14629883262327043,0.10464860931162415,1.0495962232648322,0.03415436299487822,0.802327097495791,0.012225712630825331
8,1,65536,100000,10,4.30460897696259,0.20083037706168486,0.143655416042544,5.854668658831907,0.45335954490769625,0.32429134971234785,7.510523798353051,0.34933122180133525,0.24987914049032173,8.68093411203854,0.3347006909864757,0.23941381636016607,2.736596862895108,0.22491197898121984,0.1608811594451925,4.392796765850233,0.2730412468617471,0.19530837161477654,0.5056436433353906,0.010635333867746205,0.5845259060388488,0.009140168629394308,1.3596155906554253,0.05546276220187739,8.97809334616605,2.0615456362458033,1.4746384506095864,2.073823701899417,0.30531384944733414,1.5157679227188465,0.18926587890487637,5.78303863797221,0.928390331170215,0.6640842945445873,1.3404111874418092,0.13272229190069998,0.9839801818517417,0.07771087764710516,4.894517964463252,0.13163636820185026,0.09416044284255881,1.1386862065806973,0.03363578521360703,0.8402700552558526,0.04596029894930208,4.500627142144628,0.1318226833225142,0.0942937153910925,1.0472890928000695,0.036405631564887804,0.7730328884062277,0.04687594766909757
