producers,consumers,workers,capacity,batch,messages,rep,kind,queue,ms,mmsg_s,count,retries,waits,activations,p99_us,latency_samples
8,2,4,1024,8,25000,0,3,FAA-cooperative,84.198732,2.3753326831572714,200000,0,269248,299364,475.5278399999999,782
8,2,4,1024,8,25000,0,0,Vyukov,101.475915,1.9709110284938056,200000,0,172682,203375,630.0440499999996,782
8,2,4,1024,8,25000,0,1,PaddedFAA,98.626482,2.0278529249375437,200000,0,158283,190712,599.1061199999999,782
8,2,4,1024,8,25000,0,2,CAS-bounded,125.065205,1.5991658111462737,200000,206161,174873,400312,792.61892,782
4,4,1,1024,8,25000,0,3,FAA-cooperative,22.181006,4.508361793869945,100000,0,0,25008,4.1718,391
4,4,1,1024,8,25000,0,1,PaddedFAA,14.451785,6.919560455680735,100000,0,0,25008,2.9776000000000002,391
4,4,1,1024,8,25000,0,2,CAS-bounded,14.714381,6.796072495336365,100000,0,0,25008,2.7735,391
4,4,1,1024,8,25000,0,0,Vyukov,14.038761,7.123135724014391,100000,0,0,25008,2.6115,391
8,2,4,64,1,25000,0,2,CAS-bounded,221.366986,0.9034770884941262,200000,428527,848241,1676778,126.42301999999994,782
8,2,4,64,1,25000,0,3,FAA-cooperative,126.966473,1.5752189950176847,200000,0,966034,1366044,49.78944999999999,782
8,2,4,64,1,25000,0,1,PaddedFAA,171.453999,1.1664936435807485,200000,0,706181,1106191,95.11977999999968,782
8,2,4,64,1,25000,0,0,Vyukov,195.612776,1.022428105616169,200000,0,772528,1172538,111.09949999999995,782
4,4,4,1024,1,25000,0,0,Vyukov,68.380446,1.4624063727224008,100000,0,56580,256588,7.521600000000035,391
4,4,4,1024,1,25000,0,1,PaddedFAA,57.707841,1.7328667693528856,100000,0,74196,274204,6.711100000000001,391
4,4,4,1024,1,25000,0,2,CAS-bounded,67.392885,1.483836164604023,100000,172352,13750,386110,726.715,391
4,4,4,1024,1,25000,0,3,FAA-cooperative,32.96069,3.0339170690904833,100000,0,30343,230351,22.897500000000022,391
4,4,1,64,1,25000,0,3,FAA-cooperative,16.449639,6.079160764561459,100000,0,0,200008,0.5172,391
4,4,1,64,1,25000,0,2,CAS-bounded,17.579004,5.688604428328249,100000,0,0,200008,0.6393000000000001,391
4,4,1,64,1,25000,0,0,Vyukov,14.108709,7.087820721229703,100000,0,0,200008,0.4264000000000001,391
4,4,1,64,1,25000,0,1,PaddedFAA,13.401673,7.461754961488763,100000,0,0,200008,0.41230000000000006,391
4,4,4,64,1,25000,0,1,PaddedFAA,63.651777,1.5710480478808941,100000,0,44739,244747,6.6554000000000055,391
4,4,4,64,1,25000,0,3,FAA-cooperative,34.05608,2.9363332479839137,100000,0,33924,233932,4.180300000000002,391
4,4,4,64,1,25000,0,2,CAS-bounded,68.781833,1.4538722746746222,100000,175972,20792,396772,53.937100000000044,391
4,4,4,64,1,25000,0,0,Vyukov,70.234872,1.4237941517142652,100000,0,63005,263013,7.072200000000002,391
4,4,4,64,8,25000,0,0,Vyukov,61.629235,1.6226065437937045,100000,0,68229,79362,20.060600000000132,391
4,4,4,64,8,25000,0,3,FAA-cooperative,32.664988,3.0613818073345076,100000,0,86797,111086,7.684400000000004,391
4,4,4,64,8,25000,0,1,PaddedFAA,55.726211,1.7944876962835317,100000,0,50828,65834,23.423300000000012,391
4,4,4,64,8,25000,0,2,CAS-bounded,65.590139,1.5246194248803162,100000,159292,27863,188835,56.874100000000006,391
8,2,1,1024,8,25000,0,1,PaddedFAA,29.355055,6.813136613097813,200000,0,37248,87258,219.61209,782
8,2,1,1024,8,25000,0,2,CAS-bounded,30.889403,6.474712379517338,200000,0,37248,87258,171.64026999999984,782
8,2,1,1024,8,25000,0,3,FAA-cooperative,32.541994,6.145904888311392,200000,0,58161,96399,191.4008899999999,782
8,2,1,1024,8,25000,0,0,Vyukov,30.818982,6.489507018758764,200000,0,37248,87258,179.53432,782
8,2,1,1024,1,25000,0,2,CAS-bounded,36.153424,5.531979488305174,200000,0,297954,697964,240.81238000000002,782
8,2,1,1024,1,25000,0,3,FAA-cooperative,41.599931,4.807700282002871,200000,0,595900,995910,223.88929999999996,782
8,2,1,1024,1,25000,0,1,PaddedFAA,39.113411,5.113335679161298,200000,0,297954,697964,285.22052,782
8,2,1,1024,1,25000,0,0,Vyukov,42.136254,4.746506417015618,200000,0,297954,697964,388.15749,782
4,4,2,64,1,25000,0,1,PaddedFAA,53.334529,1.8749579657861046,100000,0,120551,320559,4.9269000000000025,391
4,4,2,64,1,25000,0,0,Vyukov,76.983952,1.2989720247149692,100000,0,151616,351624,9.665900000000043,391
4,4,2,64,1,25000,0,2,CAS-bounded,62.934321,1.5889581139677347,100000,59136,25123,284267,48.273900000000005,391
4,4,2,64,1,25000,0,3,FAA-cooperative,45.905437,2.178391200153481,100000,0,46281,246289,4.722000000000002,391
8,2,2,64,8,25000,0,2,CAS-bounded,101.618835,1.9681390757923962,200000,53654,101391,181858,70.8881,782
8,2,2,64,8,25000,0,0,Vyukov,122.103219,1.6379584554605395,200000,0,95498,128908,70.95922999999996,782
8,2,2,64,8,25000,0,1,PaddedFAA,104.356071,1.916515235610969,200000,0,88675,122564,65.1662999999997,782
8,2,2,64,8,25000,0,3,FAA-cooperative,88.142217,2.2690602393175565,200000,0,67995,99073,34.289959999999994,782
8,2,2,1024,8,25000,0,1,PaddedFAA,97.190726,2.057809507462677,200000,0,79800,114696,566.45544,782
8,2,2,1024,8,25000,0,2,CAS-bounded,105.253028,1.9001828621975607,200000,53751,108822,187875,652.5028,782
8,2,2,1024,8,25000,0,0,Vyukov,117.121999,1.707621127607291,200000,0,89466,122892,745.06516,782
8,2,2,1024,8,25000,0,3,FAA-cooperative,86.778348,2.3047223715298197,200000,0,74494,105075,548.5319199999999,782
8,2,1,64,8,25000,0,0,Vyukov,31.68695,6.3117466338666235,200000,0,37488,87498,12.56933,782
8,2,1,64,8,25000,0,2,CAS-bounded,30.777111,6.498335727482674,200000,0,37488,87498,9.12519,782
8,2,1,64,8,25000,0,3,FAA-cooperative,32.975283,6.065148857100029,200000,0,58779,96819,12.02757999999997,782
8,2,1,64,8,25000,0,1,PaddedFAA,28.045418,7.131289681615728,200000,0,37488,87498,8.67176,782
8,2,2,1024,1,25000,0,1,PaddedFAA,172.291566,1.1608229273393451,200000,0,538797,938807,1068.72912,782
8,2,2,1024,1,25000,0,2,CAS-bounded,217.910566,0.9178077211730982,200000,218362,529982,1148354,1440.7609599999998,782
8,2,2,1024,1,25000,0,3,FAA-cooperative,151.03036,1.3242370606810445,200000,0,591778,991788,808.3144,782
8,2,2,1024,1,25000,0,0,Vyukov,196.365964,1.018506445444894,200000,0,475103,875113,1189.12498,782
8,2,2,64,1,25000,0,1,PaddedFAA,165.728885,1.206790234544811,200000,0,633954,1033964,92.74976999999998,782
8,2,2,64,1,25000,0,0,Vyukov,184.899792,1.0816669820807587,200000,0,444231,844241,111.98356999999994,782
8,2,2,64,1,25000,0,2,CAS-bounded,220.994935,0.9049981168120437,200000,228013,542574,1170597,186.40319999999795,782
8,2,2,64,1,25000,0,3,FAA-cooperative,149.874289,1.3344517017191655,200000,0,596546,996556,60.927369999999975,782
8,2,4,64,8,25000,0,2,CAS-bounded,113.561088,1.7611666418694403,200000,225438,127213,375027,65.73820999999985,782
8,2,4,64,8,25000,0,0,Vyukov,107.909959,1.8533970530004558,200000,0,166462,197845,75.53466999999986,782
8,2,4,64,8,25000,0,3,FAA-cooperative,79.795624,2.506403108020059,200000,0,238282,268436,30.83464999999999,782
8,2,4,64,8,25000,0,1,PaddedFAA,92.884782,2.1532052473353493,200000,0,134467,168477,68.44093999999942,782
4,4,4,1024,8,25000,0,2,CAS-bounded,66.317754,1.5078918384359037,100000,157150,19460,179101,736.6675,391
4,4,4,1024,8,25000,0,3,FAA-cooperative,32.146774,3.110732044216941,100000,0,26580,51339,12.680400000000002,391
4,4,4,1024,8,25000,0,0,Vyukov,66.10496,1.5127457909361113,100000,0,79783,90673,22.70210000000007,391
4,4,4,1024,8,25000,0,1,PaddedFAA,56.742688,1.7623416077856586,100000,0,51915,65940,22.846600000000027,391
8,2,1,64,1,25000,0,0,Vyukov,43.115393,4.638714530562205,200000,0,299874,699884,24.179380000000002,782
8,2,1,64,1,25000,0,3,FAA-cooperative,42.292349,4.728987741967229,200000,0,599740,999750,15.958419999999998,782
8,2,1,64,1,25000,0,2,CAS-bounded,37.315472,5.3597070941511875,200000,0,299874,699884,19.556759999999997,782
8,2,1,64,1,25000,0,1,PaddedFAA,40.922352,4.887304620223198,200000,0,299874,699884,23.19276,782
4,4,2,64,8,25000,0,0,Vyukov,54.064619,1.8496384853835741,100000,0,50580,65310,15.071000000000064,391
4,4,2,64,8,25000,0,3,FAA-cooperative,35.90253,2.7853190290489276,100000,0,2475,27404,10.189300000000006,391
4,4,2,64,8,25000,0,1,PaddedFAA,41.183801,2.4281391608317064,100000,0,28184,47220,15.855100000000007,391
4,4,2,64,8,25000,0,2,CAS-bounded,37.282866,2.6821972323694214,100000,18257,2130,42004,30.968700000000005,391
8,2,4,1024,1,25000,0,3,FAA-cooperative,120.775998,1.655958164800261,200000,0,967913,1367923,662.4335,782
8,2,4,1024,1,25000,0,2,CAS-bounded,221.214354,0.904100463571184,200000,406746,880244,1687000,1366.3588399999999,782
8,2,4,1024,1,25000,0,0,Vyukov,195.859589,1.0211396900255927,200000,0,758840,1158850,1139.2131299999999,782
8,2,4,1024,1,25000,0,1,PaddedFAA,167.504794,1.193995677520728,200000,0,709655,1109665,1008.8414599999999,782
4,4,1,1024,1,25000,0,3,FAA-cooperative,17.269085,5.790694758871127,100000,0,0,200008,0.7,391
4,4,1,1024,1,25000,0,2,CAS-bounded,14.910029,6.706895070425416,100000,0,0,200008,0.5014000000000001,391
4,4,1,1024,1,25000,0,0,Vyukov,14.178873,7.052746716893508,100000,0,0,200008,0.4269000000000002,391
4,4,1,1024,1,25000,0,1,PaddedFAA,14.838859,6.739062619302468,100000,0,0,200008,0.5641,391
4,4,2,1024,1,25000,0,3,FAA-cooperative,42.875029,2.3323599384620826,100000,0,21710,221718,4.898400000000001,391
4,4,2,1024,1,25000,0,1,PaddedFAA,54.97539,1.818995736092095,100000,0,121929,321937,5.106900000000001,391
4,4,2,1024,1,25000,0,0,Vyukov,81.907151,1.220894620055824,100000,0,116275,316283,8.131200000000023,391
4,4,2,1024,1,25000,0,2,CAS-bounded,60.465675,1.6538308718128094,100000,56635,26275,282918,622.2828000000001,391
4,4,1,64,8,25000,0,0,Vyukov,15.2477,6.558366179817284,100000,0,0,25008,3.0361,391
4,4,1,64,8,25000,0,3,FAA-cooperative,15.308512,6.532313525965162,100000,0,0,25008,2.755,391
4,4,1,64,8,25000,0,1,PaddedFAA,14.15093,7.066673356450777,100000,0,0,25008,2.9041,391
4,4,1,64,8,25000,0,2,CAS-bounded,16.394994,6.099422787223954,100000,0,0,25008,3.9560999999999997,391
4,4,2,1024,8,25000,0,1,PaddedFAA,48.650111,2.055493768554814,100000,0,41189,58564,13.62940000000001,391
4,4,2,1024,8,25000,0,0,Vyukov,54.64077,1.8301352634671877,100000,0,47608,61708,20.00130000000001,391
4,4,2,1024,8,25000,0,3,FAA-cooperative,37.033709,2.700242635702516,100000,0,1695,26639,10.618600000000002,391
4,4,2,1024,8,25000,0,2,CAS-bounded,37.559794,2.6624214179662435,100000,18102,1932,41307,406.85110000000003,391
4,4,2,1024,8,25000,1,1,PaddedFAA,45.953558,2.176110063120684,100000,0,34586,51975,11.992100000000057,391
4,4,2,1024,8,25000,1,3,FAA-cooperative,35.241848,2.8375356479603453,100000,0,5690,30536,9.271600000000001,391
4,4,2,1024,8,25000,1,0,Vyukov,51.051908,1.958790648921486,100000,0,44484,59496,13.544000000000043,391
4,4,2,1024,8,25000,1,2,CAS-bounded,36.531059,2.737396690306733,100000,17642,2164,41291,385.4073,391
8,2,4,64,1,25000,1,1,PaddedFAA,171.378042,1.1670106488904803,200000,0,744025,1144035,93.20892999999981,782
8,2,4,64,1,25000,1,3,FAA-cooperative,135.248749,1.4787567462084252,200000,0,1043529,1443539,54.72438,782
8,2,4,64,1,25000,1,2,CAS-bounded,220.085739,0.9087367537248745,200000,406846,920145,1727001,120.38545999999998,782
8,2,4,64,1,25000,1,0,Vyukov,186.623886,1.0716741800135916,200000,0,794301,1194311,100.13499999999989,782
4,4,2,64,8,25000,1,3,FAA-cooperative,37.316253,2.6797974598360668,100000,0,2011,26937,9.541200000000002,391
4,4,2,64,8,25000,1,0,Vyukov,55.079618,1.8155536227575144,100000,0,56372,71065,15.07690000000004,391
4,4,2,64,8,25000,1,2,CAS-bounded,35.514986,2.8157127810778246,100000,18384,2949,42763,31.118200000000005,391
4,4,2,64,8,25000,1,1,PaddedFAA,51.046039,1.9590158601728138,100000,0,44794,62086,13.28780000000002,391
4,4,1,1024,1,25000,1,0,Vyukov,15.038264,6.649703715801238,100000,0,0,200008,0.4934000000000001,391
4,4,1,1024,1,25000,1,2,CAS-bounded,15.332181,6.522229290144696,100000,0,0,200008,0.4609000000000002,391
4,4,1,1024,1,25000,1,3,FAA-cooperative,16.166332,6.185695060574037,100000,0,0,200008,0.48970000000000014,391
4,4,1,1024,1,25000,1,1,PaddedFAA,14.337285,6.974821244050042,100000,0,0,200008,0.466,391
8,2,2,64,8,25000,1,3,FAA-cooperative,88.35814,2.263515279973073,200000,0,74403,105119,34.87621,782
8,2,2,64,8,25000,1,2,CAS-bounded,106.029418,1.886268959808871,200000,68840,74613,171786,70.3355499999997,782
8,2,2,64,8,25000,1,1,PaddedFAA,102.19436,1.9570551642967382,200000,0,85847,120003,59.74540999999977,782
8,2,2,64,8,25000,1,0,Vyukov,120.390428,1.6612616411663559,200000,0,88985,121476,67.85249999999994,782
4,4,4,1024,8,25000,1,0,Vyukov,63.467839,1.5756011481657664,100000,0,73127,84064,21.94280000000006,391
4,4,4,1024,8,25000,1,1,PaddedFAA,59.108279,1.6918103807420954,100000,0,52145,66606,19.190900000000106,391
4,4,4,1024,8,25000,1,3,FAA-cooperative,31.324496,3.1923897514584114,100000,0,13071,37676,13.613200000000004,391
4,4,4,1024,8,25000,1,2,CAS-bounded,62.591605,1.5976583441181929,100000,156881,16611,176362,667.1921000000001,391
8,2,4,1024,8,25000,1,3,FAA-cooperative,79.98469,2.5004785290785025,200000,0,316157,345130,453.58067999999986,782
8,2,4,1024,8,25000,1,0,Vyukov,103.476088,1.9328136950828678,200000,0,163557,194260,649.5306199999999,782
8,2,4,1024,8,25000,1,2,CAS-bounded,109.11489,1.8329304094060856,200000,223549,129864,375065,673.6077199999997,782
8,2,4,1024,8,25000,1,1,PaddedFAA,94.830609,2.10902368031824,200000,0,144184,177035,578.7775399999999,782
4,4,1,64,1,25000,1,2,CAS-bounded,16.245491,6.155554178079321,100000,0,0,200008,0.4872,391
4,4,1,64,1,25000,1,3,FAA-cooperative,17.283257,5.7859464798793425,100000,0,0,200008,0.6971,391
4,4,1,64,1,25000,1,0,Vyukov,15.245058,6.559502758205315,100000,0,0,200008,0.4885000000000001,391
4,4,1,64,1,25000,1,1,PaddedFAA,14.05462,7.115098095857448,100000,0,0,200008,0.4551,391
8,2,2,1024,8,25000,1,2,CAS-bounded,102.606018,1.949203408322502,200000,52492,101548,180358,598.5713,782
8,2,2,1024,8,25000,1,1,PaddedFAA,104.890223,1.9067554084616638,200000,0,75195,109676,642.0526099999998,782
8,2,2,1024,8,25000,1,3,FAA-cooperative,85.583196,2.3369073527004063,200000,0,66625,97978,490.62301999999994,782
8,2,2,1024,8,25000,1,0,Vyukov,120.432766,1.6606776265522292,200000,0,95983,129382,711.26308,782
4,4,1,64,8,25000,1,0,Vyukov,14.885158,6.718101346320946,100000,0,0,25008,3.072900000000006,391
4,4,1,64,8,25000,1,2,CAS-bounded,14.707876,6.799078262558101,100000,0,0,25008,2.6441000000000003,391
4,4,1,64,8,25000,1,3,FAA-cooperative,15.303685,6.53437391059735,100000,0,0,25008,2.754,391
4,4,1,64,8,25000,1,1,PaddedFAA,14.618985,6.840420179649955,100000,0,0,25008,2.7701,391
4,4,4,1024,1,25000,1,0,Vyukov,68.040842,1.4697055042322962,100000,0,64170,264178,7.862200000000003,391
4,4,4,1024,1,25000,1,1,PaddedFAA,64.576636,1.5485476821678974,100000,0,40576,240584,5.939700000000007,391
4,4,4,1024,1,25000,1,3,FAA-cooperative,34.158438,2.9275343328052648,100000,0,70610,270618,21.3244,391
4,4,4,1024,1,25000,1,2,CAS-bounded,66.816711,1.4966315836767243,100000,184906,13925,398839,712.9286000000001,391
8,2,4,1024,1,25000,1,0,Vyukov,178.459887,1.1207000259951974,200000,0,715226,1115236,1032.23986,782
8,2,4,1024,1,25000,1,3,FAA-cooperative,126.973171,1.5751359001658705,200000,0,976719,1376729,721.5626,782
8,2,4,1024,1,25000,1,2,CAS-bounded,199.968775,1.0001561493788218,200000,423622,746882,1570514,1191.9367199999997,782
8,2,4,1024,1,25000,1,1,PaddedFAA,172.115542,1.1620101106267324,200000,0,712663,1112673,1033.6627399999998,782
8,2,2,64,1,25000,1,0,Vyukov,187.085481,1.0690300440791554,200000,0,476526,876536,107.48775,782
8,2,2,64,1,25000,1,2,CAS-bounded,222.404625,0.8992618746125446,200000,223037,566175,1189222,167.09550999999996,782
8,2,2,64,1,25000,1,1,PaddedFAA,180.701625,1.1067969089929324,200000,0,480419,880429,100.6009899999999,782
8,2,2,64,1,25000,1,3,FAA-cooperative,150.209749,1.3314715012272607,200000,0,587996,988006,58.98509999999999,782
4,4,4,64,1,25000,1,1,PaddedFAA,59.157733,1.690396080593555,100000,0,69338,269346,6.6991000000000085,391
4,4,4,64,1,25000,1,0,Vyukov,67.492986,1.4816354398662996,100000,0,44960,244968,7.227400000000032,391
4,4,4,64,1,25000,1,2,CAS-bounded,67.404463,1.4835812874883374,100000,173688,16538,390234,53.254000000000005,391
4,4,4,64,1,25000,1,3,FAA-cooperative,34.319992,2.9137535929495555,100000,0,57131,257139,5.472500000000001,391
8,2,1,64,8,25000,1,0,Vyukov,33.135503,6.035822060706306,200000,0,37488,87498,14.013,782
8,2,1,64,8,25000,1,2,CAS-bounded,29.878016,6.693884895168408,200000,0,37488,87498,9.09219,782
8,2,1,64,8,25000,1,3,FAA-cooperative,32.757848,6.105407168382978,200000,0,58779,96819,16.12184,782
8,2,1,64,8,25000,1,1,PaddedFAA,27.631804,7.23803628601303,200000,0,37488,87498,8.259,782
4,4,4,64,8,25000,1,3,FAA-cooperative,34.263419,2.918564548389056,100000,0,52413,76785,9.362000000000002,391
4,4,4,64,8,25000,1,2,CAS-bounded,67.008974,1.49233742931208,100000,159988,18855,181657,60.446600000000025,391
4,4,4,64,8,25000,1,1,PaddedFAA,59.157019,1.690416482953612,100000,0,52965,67389,27.95610000000003,391
4,4,4,64,8,25000,1,0,Vyukov,67.981088,1.4709973456147099,100000,0,73790,85386,30.77030000000001,391
4,4,2,64,1,25000,1,3,FAA-cooperative,41.548959,2.4067991691440453,100000,0,23043,223051,2.6940000000000004,391
4,4,2,64,1,25000,1,2,CAS-bounded,58.193138,1.7184156661220091,100000,59822,31779,291609,43.1696,391
4,4,2,64,1,25000,1,1,PaddedFAA,59.023125,1.6942511939176381,100000,0,62575,262583,5.875400000000003,391
4,4,2,64,1,25000,1,0,Vyukov,81.00087,1.2345546412032364,100000,0,160228,360236,9.550600000000047,391
8,2,1,1024,8,25000,1,1,PaddedFAA,28.491721,7.019582986931537,200000,0,37248,87258,170.28776000000002,782
8,2,1,1024,8,25000,1,0,Vyukov,30.641403,6.52711626814216,200000,0,37248,87258,230.267,782
8,2,1,1024,8,25000,1,3,FAA-cooperative,32.420967,6.168847462199385,200000,0,58161,96399,189.68999,782
8,2,1,1024,8,25000,1,2,CAS-bounded,34.297815,5.831275257622097,200000,0,37248,87258,251.79317999999967,782
8,2,1,64,1,25000,1,0,Vyukov,43.212648,4.628274573685001,200000,0,299874,699884,26.06557,782
8,2,1,64,1,25000,1,3,FAA-cooperative,42.137916,4.746319205724364,200000,0,599740,999750,16.087969999999995,782
8,2,1,64,1,25000,1,2,CAS-bounded,35.919874,5.56794826173388,200000,0,299874,699884,14.424949999999999,782
8,2,1,64,1,25000,1,1,PaddedFAA,38.427206,5.204645895931128,200000,0,299874,699884,16.23919,782
8,2,2,1024,1,25000,1,1,PaddedFAA,175.738212,1.1380564176901948,200000,0,462270,862280,1130.8870799999997,782
8,2,2,1024,1,25000,1,3,FAA-cooperative,160.392313,1.2469425514176604,200000,0,591773,991783,856.32409,782
8,2,2,1024,1,25000,1,2,CAS-bounded,221.696635,0.9021336746947016,200000,217482,558455,1175947,1510.34399,782
8,2,2,1024,1,25000,1,0,Vyukov,190.918412,1.0475679003657332,200000,0,475983,875993,1123.02566,782
8,2,1,1024,1,25000,1,1,PaddedFAA,37.631509,5.314695193328548,200000,0,297954,697964,253.42694999999998,782
8,2,1,1024,1,25000,1,2,CAS-bounded,36.075394,5.543944994751825,200000,0,297954,697964,238.23867999999993,782
8,2,1,1024,1,25000,1,3,FAA-cooperative,42.412197,4.715624611476741,200000,0,595900,995910,232.21301999999952,782
8,2,1,1024,1,25000,1,0,Vyukov,40.081668,4.989812300226627,200000,0,297954,697964,295.09475,782
4,4,1,1024,8,25000,1,2,CAS-bounded,18.685875,5.351635928207804,100000,0,0,25008,4.2664,391
4,4,1,1024,8,25000,1,3,FAA-cooperative,16.588558,6.028251521319695,100000,0,0,25008,3.0812,391
4,4,1,1024,8,25000,1,1,PaddedFAA,14.154429,7.0649264622401935,100000,0,0,25008,2.766,391
4,4,1,1024,8,25000,1,0,Vyukov,16.103192,6.209948934347923,100000,0,0,25008,3.9141999999999997,391
8,2,4,64,8,25000,1,1,PaddedFAA,97.264719,2.0562440528923958,200000,0,156524,189038,78.41136999999999,782
8,2,4,64,8,25000,1,0,Vyukov,110.676022,1.8070761524117662,200000,0,162880,194212,93.96966999999998,782
8,2,4,64,8,25000,1,2,CAS-bounded,124.441335,1.6071830151934645,200000,224954,146334,392478,82.51055999999997,782
8,2,4,64,8,25000,1,3,FAA-cooperative,75.298349,2.656100733364021,200000,0,224326,254292,32.10744999999999,782
4,4,2,1024,1,25000,1,2,CAS-bounded,56.819917,1.7599462526494012,100000,59921,21262,281191,615.5436,391
4,4,2,1024,1,25000,1,1,PaddedFAA,55.698049,1.7953950236210248,100000,0,124852,324860,5.314900000000003,391
4,4,2,1024,1,25000,1,0,Vyukov,73.515996,1.3602481832661288,100000,0,102568,302576,9.190900000000013,391
4,4,2,1024,1,25000,1,3,FAA-cooperative,43.215844,2.313966146305045,100000,0,48916,248924,6.026700000000001,391
4,4,1,1024,8,25000,2,1,PaddedFAA,15.263321,6.5516541255995335,100000,0,0,25008,3.751,391
4,4,1,1024,8,25000,2,2,CAS-bounded,16.072486,6.221812854588892,100000,0,0,25008,3.6926000000000068,391
4,4,1,1024,8,25000,2,0,Vyukov,15.533491,6.437702896277469,100000,0,0,25008,3.9152,391
4,4,1,1024,8,25000,2,3,FAA-cooperative,15.532991,6.4379101230406945,100000,0,0,25008,3.8498000000000063,391
8,2,1,1024,8,25000,2,1,PaddedFAA,28.528061,7.010641206915535,200000,0,37248,87258,154.04733,782
8,2,1,1024,8,25000,2,2,CAS-bounded,30.936836,6.464785215915422,200000,0,37248,87258,167.94134999999977,782
8,2,1,1024,8,25000,2,3,FAA-cooperative,32.34447,6.1834372305373995,200000,0,58161,96399,183.99201999999963,782
8,2,1,1024,8,25000,2,0,Vyukov,31.42603,6.364150992027946,200000,0,37248,87258,250.2971799999996,782
8,2,1,1024,1,25000,2,2,CAS-bounded,35.424775,5.6457662751563,200000,0,297954,697964,222.5195099999997,782
8,2,1,1024,1,25000,2,0,Vyukov,40.282491,4.964936254811054,200000,0,297954,697964,279.84335999999996,782
8,2,1,1024,1,25000,2,1,PaddedFAA,38.651559,5.17443552535617,200000,0,297954,697964,282.62214,782
8,2,1,1024,1,25000,2,3,FAA-cooperative,42.237345,4.735146112995502,200000,0,595900,995910,241.96257,782
8,2,2,64,8,25000,2,1,PaddedFAA,101.125504,1.9777404521019741,200000,0,81733,116356,61.51782999999989,782
8,2,2,64,8,25000,2,0,Vyukov,119.742806,1.6702464781057493,200000,0,101632,134817,70.07479,782
8,2,2,64,8,25000,2,2,CAS-bounded,111.824335,1.788519466715362,200000,55294,102835,184049,66.0902399999999,782
8,2,2,64,8,25000,2,3,FAA-cooperative,85.075279,2.3508591726158197,200000,0,71790,102846,36.77271999999999,782
4,4,2,64,1,25000,2,3,FAA-cooperative,44.465156,2.2489519658943737,100000,0,38042,238050,3.551700000000003,391
4,4,2,64,1,25000,2,2,CAS-bounded,58.958893,1.696096973869574,100000,57152,23301,280461,44.842300000000016,391
4,4,2,64,1,25000,2,0,Vyukov,74.437208,1.3434141699672562,100000,0,118195,318203,18.869700000000226,391
4,4,2,64,1,25000,2,1,PaddedFAA,58.695092,1.7037199635022295,100000,0,144661,344669,5.5653000000000015,391
8,2,4,64,8,25000,2,1,PaddedFAA,103.191033,1.9381529013281609,200000,0,163919,196435,80.14102999999979,782
8,2,4,64,8,25000,2,0,Vyukov,113.004331,1.7698436708589513,200000,0,206764,237038,69.16572999999995,782
8,2,4,64,8,25000,2,2,CAS-bounded,123.876314,1.6145136510923308,200000,206148,193415,417974,81.44953999999997,782
8,2,4,64,8,25000,2,3,FAA-cooperative,79.271469,2.522975826271114,200000,0,238942,268876,33.00564999999998,782
4,4,1,1024,1,25000,2,2,CAS-bounded,17.143397,5.833149637729325,100000,0,0,200008,0.6413000000000005,391
4,4,1,1024,1,25000,2,0,Vyukov,15.042471,6.647843961274713,100000,0,0,200008,0.4875000000000001,391
4,4,1,1024,1,25000,2,3,FAA-cooperative,15.747081,6.350383286908857,100000,0,0,200008,0.46930000000000005,391
4,4,1,1024,1,25000,2,1,PaddedFAA,15.910882,6.285006701702646,100000,0,0,200008,0.6694000000000001,391
8,2,2,1024,8,25000,2,1,PaddedFAA,105.27921,1.8997103036772407,200000,0,89036,123575,636.9947599999997,782
8,2,2,1024,8,25000,2,3,FAA-cooperative,84.252605,2.373813842313837,200000,0,66660,97784,487.47695999999996,782
8,2,2,1024,8,25000,2,0,Vyukov,121.946753,1.6400600678560093,200000,0,87813,121216,693.8915400000001,782
8,2,2,1024,8,25000,2,2,CAS-bounded,104.214396,1.9191206558448988,200000,56528,86999,174594,669.0791999999999,782
4,4,4,64,1,25000,2,3,FAA-cooperative,32.872149,3.0420889124103203,100000,0,23138,223146,7.613,391
4,4,4,64,1,25000,2,2,CAS-bounded,66.619402,1.5010642094926039,100000,191977,11781,403766,51.8265,391
4,4,4,64,1,25000,2,0,Vyukov,68.172943,1.4668576065434054,100000,0,61601,261609,6.860000000000009,391
4,4,4,64,1,25000,2,1,PaddedFAA,58.608032,1.7062507746378517,100000,0,60631,260639,6.750600000000006,391
4,4,4,1024,8,25000,2,1,PaddedFAA,57.383317,1.742666775432309,100000,0,54769,69655,17.703800000000008,391
4,4,4,1024,8,25000,2,2,CAS-bounded,58.577935,1.707127436294912,100000,176073,15432,193959,631.1512,391
4,4,4,1024,8,25000,2,3,FAA-cooperative,33.852982,2.9539495220834606,100000,0,44627,69276,7.7618,391
4,4,4,1024,8,25000,2,0,Vyukov,64.998518,1.5384966161843874,100000,0,75444,86191,22.037200000000006,391
4,4,2,1024,1,25000,2,1,PaddedFAA,65.069944,1.5368078386543562,100000,0,154065,354073,6.820100000000004,391
4,4,2,1024,1,25000,2,3,FAA-cooperative,45.366999,2.2042454251823003,100000,0,28795,228803,3.212500000000001,391
4,4,2,1024,1,25000,2,2,CAS-bounded,59.682888,1.6755221362612345,100000,55097,21742,276847,609.6308,391
4,4,2,1024,1,25000,2,0,Vyukov,85.946665,1.1635122782251062,100000,0,163121,363129,9.448100000000036,391
4,4,2,1024,8,25000,2,1,PaddedFAA,45.031357,2.2206748066686064,100000,0,33191,51165,12.769500000000004,391
4,4,2,1024,8,25000,2,0,Vyukov,49.702788,2.011959570557692,100000,0,44344,59656,16.813400000000023,391
4,4,2,1024,8,25000,2,2,CAS-bounded,36.468298,2.7421076793877246,100000,17994,2097,41593,392.9585000000001,391
4,4,2,1024,8,25000,2,3,FAA-cooperative,38.905573,2.570325850232305,100000,0,6645,31394,9.9793,391
8,2,1,64,8,25000,2,3,FAA-cooperative,31.252258,6.399537595011535,200000,0,58779,96819,10.761,782
8,2,1,64,8,25000,2,0,Vyukov,29.905944,6.687633735955635,200000,0,37488,87498,9.10519,782
8,2,1,64,8,25000,2,1,PaddedFAA,27.656356,7.231610700990398,200000,0,37488,87498,8.66038,782
8,2,1,64,8,25000,2,2,CAS-bounded,31.391582,6.371134783841095,200000,0,37488,87498,12.98576,782
8,2,2,1024,1,25000,2,0,Vyukov,189.776959,1.0538687154324144,200000,0,474411,874421,1275.5824499999999,782
8,2,2,1024,1,25000,2,1,PaddedFAA,175.709212,1.1382442486851514,200000,0,494203,894213,1035.59325,782
8,2,2,1024,1,25000,2,2,CAS-bounded,242.469819,0.8248449263699908,200000,223122,529856,1152988,1665.569539999999,782
8,2,2,1024,1,25000,2,3,FAA-cooperative,157.34685,1.2710772411395588,200000,0,592079,992089,850.45504,782
8,2,4,64,1,25000,2,1,PaddedFAA,176.166262,1.1352911603471498,200000,0,719593,1119603,101.7736199999999,782
8,2,4,64,1,25000,2,2,CAS-bounded,210.190425,0.9515181293343881,200000,424726,861107,1685843,121.96193999999966,782
8,2,4,64,1,25000,2,0,Vyukov,181.473387,1.102089972013362,200000,0,814400,1214410,100.34212999999983,782
8,2,4,64,1,25000,2,3,FAA-cooperative,130.933635,1.5274913890536987,200000,0,1000261,1400271,50.98262999999998,782
8,2,2,64,1,25000,2,3,FAA-cooperative,158.702177,1.260222158137125,200000,0,596460,996470,65.03622999999997,782
8,2,2,64,1,25000,2,2,CAS-bounded,239.584475,0.8347786307940028,200000,224260,543621,1167891,164.8938299999996,782
8,2,2,64,1,25000,2,1,PaddedFAA,175.190928,1.1416116250037787,200000,0,513434,913444,93.85193999999998,782
8,2,2,64,1,25000,2,0,Vyukov,192.428594,1.0393465744493253,200000,0,495373,895383,112.47066999999926,782
8,2,1,64,1,25000,2,1,PaddedFAA,37.629127,5.315031624305289,200000,0,299874,699884,15.457,782
8,2,1,64,1,25000,2,2,CAS-bounded,36.584475,5.466799783241388,200000,0,299874,699884,19.521189999999997,782
8,2,1,64,1,25000,2,0,Vyukov,40.928207,4.886605465028067,200000,0,299874,699884,24.174,782
8,2,1,64,1,25000,2,3,FAA-cooperative,43.945265,4.55111603036186,200000,0,599740,999750,21.58438,782
8,2,4,1024,1,25000,2,0,Vyukov,179.892836,1.1117730113499351,200000,0,763396,1163406,1047.1908099999998,782
8,2,4,1024,1,25000,2,2,CAS-bounded,211.266588,0.9466712265926309,200000,429559,833392,1662961,1268.95652,782
8,2,4,1024,1,25000,2,1,PaddedFAA,176.302728,1.1344123954792122,200000,0,736353,1136363,1099.85007,782
8,2,4,1024,1,25000,2,3,FAA-cooperative,124.983902,1.6002060809399277,200000,0,933221,1333231,726.13825,782
4,4,4,64,8,25000,2,2,CAS-bounded,62.962615,1.5882440715017951,100000,157942,20809,180986,54.1726,391
4,4,4,64,8,25000,2,3,FAA-cooperative,36.687031,2.725758865578411,100000,0,24495,49116,8.900000000000002,391
4,4,4,64,8,25000,2,1,PaddedFAA,60.202498,1.6610606423673648,100000,0,55442,69540,27.614800000000052,391
4,4,4,64,8,25000,2,0,Vyukov,65.458415,1.5276874638654174,100000,0,82519,93091,23.342700000000107,391
4,4,1,64,1,25000,2,3,FAA-cooperative,17.447576,5.731455188961492,100000,0,0,200008,0.6752,391
4,4,1,64,1,25000,2,0,Vyukov,15.001928,6.665809887902408,100000,0,0,200008,0.4691,391
4,4,1,64,1,25000,2,1,PaddedFAA,14.684377,6.809958638354218,100000,0,0,200008,0.4553000000000001,391
4,4,1,64,1,25000,2,2,CAS-bounded,14.81315,6.750758616499529,100000,0,0,200008,0.42760000000000015,391
8,2,4,1024,8,25000,2,0,Vyukov,111.501504,1.7936977782828831,200000,0,157486,189321,710.3426999999998,782
8,2,4,1024,8,25000,2,3,FAA-cooperative,78.617553,2.543961143130466,200000,0,248632,278559,453.97982,782
8,2,4,1024,8,25000,2,2,CAS-bounded,114.288147,1.749962749855416,200000,229360,150552,400664,706.7572299999998,782
8,2,4,1024,8,25000,2,1,PaddedFAA,98.110695,2.0385137420543193,200000,0,150057,182763,592.33745,782
4,4,1,64,8,25000,2,0,Vyukov,13.935142,7.176101972983124,100000,0,0,25008,2.609,391
4,4,1,64,8,25000,2,3,FAA-cooperative,15.278893,6.544976785949086,100000,0,0,25008,2.7551,391
4,4,1,64,8,25000,2,2,CAS-bounded,18.474966,5.412729852926387,100000,0,0,25008,4.2561,391
4,4,1,64,8,25000,2,1,PaddedFAA,13.241554,7.551983702215012,100000,0,0,25008,2.5021999999999998,391
4,4,4,1024,1,25000,2,1,PaddedFAA,58.56852,1.7074018602484748,100000,0,54586,254594,6.298800000000019,391
4,4,4,1024,1,25000,2,3,FAA-cooperative,33.70008,2.9673520062860383,100000,0,46312,246320,3.601800000000002,391
4,4,4,1024,1,25000,2,0,Vyukov,67.75288,1.4759520185710187,100000,0,63127,263135,8.890200000000014,391
4,4,4,1024,1,25000,2,2,CAS-bounded,66.156351,1.5115706729350897,100000,173951,14091,388050,704.549,391
4,4,2,64,8,25000,2,1,PaddedFAA,48.31285,2.0698427023038386,100000,0,38465,55730,18.018700000000013,391
4,4,2,64,8,25000,2,2,CAS-bounded,40.537961,2.4668236273649775,100000,17068,6191,42532,33.11870000000001,391
4,4,2,64,8,25000,2,0,Vyukov,56.264654,1.7773147596357741,100000,0,53872,68165,15.913200000000018,391
4,4,2,64,8,25000,2,3,FAA-cooperative,37.569595,2.6617268565178835,100000,0,207,25210,9.418800000000001,391
4,4,1,1024,1,25000,3,0,Vyukov,15.604586,6.408372513054816,100000,0,0,200008,0.6392000000000003,391
4,4,1,1024,1,25000,3,2,CAS-bounded,16.187754,6.177509245569213,100000,0,0,200008,0.49510000000000004,391
4,4,1,1024,1,25000,3,3,FAA-cooperative,16.769064,5.963362057655693,100000,0,0,200008,0.5181,391
4,4,1,1024,1,25000,3,1,PaddedFAA,14.707871,6.799080573932148,100000,0,0,200008,0.4701,391
4,4,4,64,8,25000,3,2,CAS-bounded,65.633516,1.5236118083328036,100000,156871,17715,177403,57.52480000000002,391
4,4,4,64,8,25000,3,3,FAA-cooperative,32.114142,3.1138929385066554,100000,0,6912,31805,10.534200000000002,391
4,4,4,64,8,25000,3,1,PaddedFAA,56.205336,1.7791905024818284,100000,0,51395,65600,23.985400000000023,391
4,4,4,64,8,25000,3,0,Vyukov,68.409462,1.4617860903510687,100000,0,68377,79714,21.07460000000002,391
8,2,2,1024,8,25000,3,2,CAS-bounded,108.956063,1.8356023014524672,200000,53989,95208,176901,644.5376299999997,782
8,2,2,1024,8,25000,3,0,Vyukov,121.836998,1.6415374909352247,200000,0,186570,218281,683.79286,782
8,2,2,1024,8,25000,3,1,PaddedFAA,103.974573,1.9235472118745802,200000,0,104100,138665,608.5221799999999,782
8,2,2,1024,8,25000,3,3,FAA-cooperative,86.130332,2.3220623368780235,200000,0,72275,103191,485.6636399999999,782
8,2,2,64,1,25000,3,1,PaddedFAA,184.926904,1.081508399664767,200000,0,676945,1076955,118.02406999999992,782
8,2,2,64,1,25000,3,0,Vyukov,190.320785,1.0508573721992582,200000,0,500194,900204,114.00509999999984,782
8,2,2,64,1,25000,3,2,CAS-bounded,219.781231,0.9099958130637643,200000,214521,522496,1137027,148.4647999999995,782
8,2,2,64,1,25000,3,3,FAA-cooperative,159.357966,1.2550360990425793,200000,0,596174,996184,61.529149999999994,782
4,4,2,64,8,25000,3,1,PaddedFAA,49.016671,2.0401222269868144,100000,0,35376,52749,17.97290000000001,391
4,4,2,64,8,25000,3,2,CAS-bounded,41.811761,2.3916715681982397,100000,17327,6129,42895,38.78000000000001,391
4,4,2,64,8,25000,3,0,Vyukov,52.009121,1.9227396671441535,100000,0,41180,56234,14.73810000000002,391
4,4,2,64,8,25000,3,3,FAA-cooperative,35.618272,2.80754776649468,100000,0,1980,26922,8.9654,391
4,4,2,1024,1,25000,3,0,Vyukov,74.415639,1.3438035518313562,100000,0,127265,327273,8.525800000000018,391
4,4,2,1024,1,25000,3,2,CAS-bounded,65.002209,1.5384092562146618,100000,57463,19203,276674,672.1248,391
4,4,2,1024,1,25000,3,1,PaddedFAA,51.846754,1.9287610560923447,100000,0,128595,328603,3.7594000000000007,391
4,4,2,1024,1,25000,3,3,FAA-cooperative,44.123747,2.266353308571006,100000,0,22243,222251,23.780000000000012,391
8,2,4,64,1,25000,3,3,FAA-cooperative,126.841362,1.5767727249727892,200000,0,995973,1395983,50.057249999999975,782
8,2,4,64,1,25000,3,0,Vyukov,186.391594,1.0730097624466906,200000,0,790156,1190166,107.68764999999976,782
8,2,4,64,1,25000,3,1,PaddedFAA,165.917017,1.2054218645939132,200000,0,702500,1102510,93.0738199999998,782
8,2,4,64,1,25000,3,2,CAS-bounded,209.150192,0.9562506163035223,200000,414233,869459,1683702,120.70335999999995,782
8,2,1,64,8,25000,3,1,PaddedFAA,32.201917,6.210810368836116,200000,0,37488,87498,21.665,782
8,2,1,64,8,25000,3,2,CAS-bounded,30.757645,6.502448415670315,200000,0,37488,87498,9.58719,782
8,2,1,64,8,25000,3,0,Vyukov,30.384665,6.5822677327526895,200000,0,37488,87498,13.003,782
8,2,1,64,8,25000,3,3,FAA-cooperative,33.129211,6.036968402296089,200000,0,58779,96819,12.558449999999997,782
4,4,4,1024,8,25000,3,3,FAA-cooperative,30.682674,3.259168350190078,100000,0,24311,48880,8.311300000000001,391
4,4,4,1024,8,25000,3,2,CAS-bounded,67.094458,1.4904360655242197,100000,161775,26818,190423,736.5174000000001,391
4,4,4,1024,8,25000,3,1,PaddedFAA,58.779496,1.7012735189155075,100000,0,66041,80094,22.614700000000038,391
4,4,4,1024,8,25000,3,0,Vyukov,64.100609,1.5600475808271963,100000,0,72810,83377,29.63960000000001,391
8,2,1,64,1,25000,3,0,Vyukov,43.240733,4.62526849394528,200000,0,299874,699884,24.186,782
8,2,1,64,1,25000,3,2,CAS-bounded,35.212166,5.679855081905498,200000,0,299874,699884,13.668949999999999,782
8,2,1,64,1,25000,3,1,PaddedFAA,41.211682,4.852992896528708,200000,0,299874,699884,23.193189999999998,782
8,2,1,64,1,25000,3,3,FAA-cooperative,42.124588,4.747820916373117,200000,0,599740,999750,16.057359999999978,782
4,4,4,64,1,25000,3,3,FAA-cooperative,35.35913,2.828123882007278,100000,0,39317,239325,18.4693,391
4,4,4,64,1,25000,3,0,Vyukov,67.278394,1.4863612826429835,100000,0,65450,265458,9.456000000000003,391
4,4,4,64,1,25000,3,2,CAS-bounded,68.509127,1.4596595282844576,100000,178230,23390,401628,53.116600000000005,391
4,4,4,64,1,25000,3,1,PaddedFAA,62.136554,1.6093586393606572,100000,0,43674,243682,6.531500000000005,391
8,2,2,1024,1,25000,3,1,PaddedFAA,169.566405,1.179478918598292,200000,0,502571,902581,988.6730699999998,782
8,2,2,1024,1,25000,3,3,FAA-cooperative,149.871631,1.3344753684571564,200000,0,591846,991856,872.0697899999998,782
8,2,2,1024,1,25000,3,2,CAS-bounded,233.446277,0.8567281627712572,200000,227230,528766,1156006,1533.96643,782
8,2,2,1024,1,25000,3,0,Vyukov,193.772713,1.0321370687522964,200000,0,503501,903511,1122.15779,782
4,4,1,64,1,25000,3,1,PaddedFAA,16.834595,5.940148842309542,100000,0,0,200008,0.6740000000000003,391
4,4,1,64,1,25000,3,3,FAA-cooperative,15.622533,6.401010642768365,100000,0,0,200008,0.467,391
4,4,1,64,1,25000,3,2,CAS-bounded,14.827771,6.744101996180006,100000,0,0,200008,0.4298000000000002,391
4,4,1,64,1,25000,3,0,Vyukov,15.39967,6.493645643055988,100000,0,0,200008,0.4732000000000003,391
4,4,2,64,1,25000,3,0,Vyukov,79.465966,1.2584003572044917,100000,0,167798,367806,8.6827,391
4,4,2,64,1,25000,3,3,FAA-cooperative,46.059659,2.171097271909894,100000,0,50885,250893,7.482500000000008,391
4,4,2,64,1,25000,3,1,PaddedFAA,55.48498,1.8022895565610728,100000,0,100996,301004,5.4953,391
4,4,2,64,1,25000,3,2,CAS-bounded,67.142465,1.4893704006845743,100000,66310,27668,293986,52.922300000000014,391
4,4,1,1024,8,25000,3,3,FAA-cooperative,16.255488,6.151768559639674,100000,0,0,25008,3.048,391
4,4,1,1024,8,25000,3,1,PaddedFAA,14.870562,6.7246954082838295,100000,0,0,25008,3.7802,391
4,4,1,1024,8,25000,3,2,CAS-bounded,14.747659,6.780737200392279,100000,0,0,25008,2.6687000000000025,391
4,4,1,1024,8,25000,3,0,Vyukov,14.830088,6.743048321763162,100000,0,0,25008,2.9003,391
8,2,4,1024,8,25000,3,0,Vyukov,108.240475,1.8477376415800097,200000,0,160836,192302,683.78856,782
8,2,4,1024,8,25000,3,3,FAA-cooperative,75.814898,2.638003944818339,200000,0,234578,264612,421.6019299999999,782
8,2,4,1024,8,25000,3,1,PaddedFAA,102.552227,1.9502258103083416,200000,0,156335,189260,649.94387,782
8,2,4,1024,8,25000,3,2,CAS-bounded,112.765971,1.7735846924955756,200000,224771,137072,383140,724.7406399999999,782
4,4,4,1024,1,25000,3,3,FAA-cooperative,33.571088,2.978753622760156,100000,0,17283,217291,9.6286,391
4,4,4,1024,1,25000,3,0,Vyukov,67.572115,1.4799003997432965,100000,0,55843,255851,6.706900000000019,391
4,4,4,1024,1,25000,3,2,CAS-bounded,69.233887,1.4443793976207056,100000,177545,16179,393732,738.4270000000001,391
4,4,4,1024,1,25000,3,1,PaddedFAA,58.557699,1.7077173746188354,100000,0,54058,254066,5.383900000000013,391
8,2,1,1024,1,25000,3,0,Vyukov,40.264135,4.967199717565024,200000,0,297954,697964,296.8805199999996,782
8,2,1,1024,1,25000,3,1,PaddedFAA,39.232294,5.097841079596314,200000,0,297954,697964,371.87155,782
8,2,1,1024,1,25000,3,2,CAS-bounded,37.196793,5.376807618871874,200000,0,297954,697964,317.48638,782
8,2,1,1024,1,25000,3,3,FAA-cooperative,42.282686,4.730068472944221,200000,0,595900,995910,241.76525999999998,782
4,4,1,64,8,25000,3,0,Vyukov,14.645532,6.828020996437685,100000,0,0,25008,2.7778000000000067,391
4,4,1,64,8,25000,3,1,PaddedFAA,14.776467,6.767517566952912,100000,0,0,25008,3.7500999999999998,391
4,4,1,64,8,25000,3,2,CAS-bounded,14.874824,6.722768618976601,100000,0,0,25008,2.6904000000000003,391
4,4,1,64,8,25000,3,3,FAA-cooperative,16.052636,6.229506481053953,100000,0,0,25008,2.8931,391
8,2,1,1024,8,25000,3,1,PaddedFAA,29.341913,6.816188160601526,200000,0,37248,87258,171.7932899999997,782
8,2,1,1024,8,25000,3,2,CAS-bounded,29.949649,6.677874588780656,200000,0,37248,87258,159.6710399999997,782
8,2,1,1024,8,25000,3,0,Vyukov,29.608304,6.754861744191764,200000,0,37248,87258,173.4809099999999,782
8,2,1,1024,8,25000,3,3,FAA-cooperative,34.106509,5.8639833235351055,200000,0,58161,96399,254.60508999999988,782
8,2,2,64,8,25000,3,3,FAA-cooperative,83.347766,2.3995844111766593,200000,0,71442,102287,32.51851,782
8,2,2,64,8,25000,3,2,CAS-bounded,113.832414,1.756968801522561,200000,54249,107506,186728,73.67442,782
8,2,2,64,8,25000,3,0,Vyukov,121.741592,1.6428239249573802,200000,0,87863,121303,72.70948,782
8,2,2,64,8,25000,3,1,PaddedFAA,107.452066,1.8612950634192553,200000,0,92311,126230,63.67753999999988,782
8,2,4,1024,1,25000,3,0,Vyukov,193.553397,1.0333065867089897,200000,0,823287,1223297,1106.89894,782
8,2,4,1024,1,25000,3,2,CAS-bounded,213.785414,0.9355175185150845,200000,414753,848848,1663611,1271.1347199999993,782
8,2,4,1024,1,25000,3,1,PaddedFAA,173.739639,1.1511477815376374,200000,0,710718,1110728,1030.58373,782
8,2,4,1024,1,25000,3,3,FAA-cooperative,130.059886,1.5377531547275076,200000,0,986360,1386370,707.56644,782
4,4,2,1024,8,25000,3,0,Vyukov,54.696956,1.8282553054689186,100000,0,54899,69302,16.904500000000013,391
4,4,2,1024,8,25000,3,2,CAS-bounded,42.962945,2.327587180068778,100000,19391,7677,45205,466.0898000000001,391
4,4,2,1024,8,25000,3,1,PaddedFAA,49.414749,2.0236873003240388,100000,0,41397,58573,18.655500000000025,391
4,4,2,1024,8,25000,3,3,FAA-cooperative,36.267989,2.7572524079016345,100000,0,1317,26272,9.0907,391
8,2,4,64,8,25000,3,2,CAS-bounded,118.866726,1.6825566475179943,200000,226043,140968,388498,78.19192999999991,782
8,2,4,64,8,25000,3,0,Vyukov,109.546942,1.8257013509331916,200000,0,173178,204485,74.8628099999999,782
8,2,4,64,8,25000,3,3,FAA-cooperative,76.684041,2.6081045989738594,200000,0,231729,261524,29.639349999999993,782
8,2,4,64,8,25000,3,1,PaddedFAA,108.225468,1.8479938566770624,200000,0,161593,193406,66.6197999999999,782
4,4,4,64,1,25000,4,0,Vyukov,65.317741,1.5309776252059912,100000,0,73118,273126,6.8203000000000005,391
4,4,4,64,1,25000,4,1,PaddedFAA,61.505631,1.6258673941577804,100000,0,33676,233684,7.101800000000002,391
4,4,4,64,1,25000,4,2,CAS-bounded,70.776075,1.4129068332766404,100000,180286,21719,402013,55.16650000000001,391
4,4,4,64,1,25000,4,3,FAA-cooperative,32.840861,3.0449871579189107,100000,0,23853,223861,7.178400000000002,391
4,4,2,64,1,25000,4,2,CAS-bounded,64.265504,1.5560447483614226,100000,60993,24137,285138,48.20810000000005,391
4,4,2,64,1,25000,4,1,PaddedFAA,59.335342,1.6853362031687624,100000,0,140693,340701,5.8344000000000005,391
4,4,2,64,1,25000,4,0,Vyukov,78.135985,1.2798200470628225,100000,0,108719,308727,9.207100000000015,391
4,4,2,64,1,25000,4,3,FAA-cooperative,45.67028,2.1896077711807327,100000,0,136095,336103,2.7355,391
4,4,1,64,1,25000,4,3,FAA-cooperative,17.003338,5.881198150621954,100000,0,0,200008,0.4963000000000001,391
4,4,1,64,1,25000,4,0,Vyukov,15.773234,6.339853957660173,100000,0,0,200008,0.6375000000000001,391
4,4,1,64,1,25000,4,1,PaddedFAA,14.541312,6.876958557797261,100000,0,0,200008,0.45200000000000046,391
4,4,1,64,1,25000,4,2,CAS-bounded,14.861186,6.728938053800013,100000,0,0,200008,0.44410000000000005,391
8,2,1,64,1,25000,4,0,Vyukov,40.27987,4.965259321839916,200000,0,299874,699884,16.927,782
8,2,1,64,1,25000,4,1,PaddedFAA,42.055208,4.755653568518791,200000,0,299874,699884,25.04119,782
8,2,1,64,1,25000,4,2,CAS-bounded,36.926913,5.416103967315112,200000,0,299874,699884,14.45914,782
8,2,1,64,1,25000,4,3,FAA-cooperative,41.618524,4.805552450634722,200000,0,599740,999750,15.12757,782
8,2,4,64,8,25000,4,1,PaddedFAA,94.825756,2.1091316160980567,200000,0,139484,173392,65.07500999999976,782
8,2,4,64,8,25000,4,3,FAA-cooperative,79.520772,2.515066126370101,200000,0,252144,281859,30.095379999999963,782
8,2,4,64,8,25000,4,2,CAS-bounded,133.578971,1.4972416578953884,200000,211350,185115,416131,80.02850999999993,782
8,2,4,64,8,25000,4,0,Vyukov,107.294228,1.8640331705448312,200000,0,163562,195236,69.12921999999966,782
8,2,4,64,1,25000,4,0,Vyukov,186.965355,1.0697169002246432,200000,0,719149,1119159,101.19014999999983,782
8,2,4,64,1,25000,4,3,FAA-cooperative,131.352106,1.522624996968073,200000,0,966779,1366789,51.07010999999999,782
8,2,4,64,1,25000,4,2,CAS-bounded,212.837366,0.9396846228589392,200000,425027,865964,1691001,116.07910999999999,782
8,2,4,64,1,25000,4,1,PaddedFAA,169.282321,1.1814582811633354,200000,0,715520,1115530,91.97156999999987,782
4,4,1,1024,8,25000,4,1,PaddedFAA,13.353971,7.488409252948055,100000,0,0,25008,2.508000000000001,391
4,4,1,1024,8,25000,4,2,CAS-bounded,17.147361,5.83180117337006,100000,0,0,25008,5.858500000000013,391
4,4,1,1024,8,25000,4,3,FAA-cooperative,15.516735,6.444654755011283,100000,0,0,25008,2.8901,391
4,4,1,1024,8,25000,4,0,Vyukov,13.985076,7.150479554061772,100000,0,0,25008,2.7375,391
8,2,1,1024,1,25000,4,3,FAA-cooperative,41.403434,4.8305171981628385,200000,0,595900,995910,223.87691999999987,782
8,2,1,1024,1,25000,4,1,PaddedFAA,38.094889,5.250048110128369,200000,0,297954,697964,267.7696599999999,782
8,2,1,1024,1,25000,4,0,Vyukov,40.129416,4.9838751702740955,200000,0,297954,697964,294.0780799999999,782
8,2,1,1024,1,25000,4,2,CAS-bounded,35.877355,5.574546953085031,200000,0,297954,697964,235.9601199999999,782
4,4,2,64,8,25000,4,1,PaddedFAA,50.212313,1.9915433889691558,100000,0,40943,58137,12.775900000000016,391
4,4,2,64,8,25000,4,3,FAA-cooperative,36.245827,2.7589382910203706,100000,0,1543,26507,9.010700000000003,391
4,4,2,64,8,25000,4,2,CAS-bounded,43.146756,2.317671344747216,100000,18569,6315,43816,39.714300000000016,391
4,4,2,64,8,25000,4,0,Vyukov,54.032147,1.850750072914926,100000,0,47325,61657,12.644300000000014,391
4,4,1,1024,1,25000,4,0,Vyukov,15.657315,6.386791094130762,100000,0,0,200008,0.6456000000000002,391
4,4,1,1024,1,25000,4,2,CAS-bounded,15.704381,6.367649893364151,100000,0,0,200008,0.4782000000000005,391
4,4,1,1024,1,25000,4,1,PaddedFAA,14.289777,6.998009835982745,100000,0,0,200008,0.4634000000000001,391
4,4,1,1024,1,25000,4,3,FAA-cooperative,17.354503,5.7621932474816475,100000,0,0,200008,0.7011000000000001,391
8,2,2,64,1,25000,4,1,PaddedFAA,169.854484,1.1774784821106048,200000,0,452415,852425,90.86309999999979,782
8,2,2,64,1,25000,4,3,FAA-cooperative,154.079894,1.2980278919454604,200000,0,596405,996415,59.74249,782
8,2,2,64,1,25000,4,2,CAS-bounded,230.759665,0.866702592933648,200000,219250,562031,1181291,168.48334999999938,782
8,2,2,64,1,25000,4,0,Vyukov,188.80231,1.059309073072252,200000,0,506004,906014,114.6786299999999,782
4,4,2,1024,8,25000,4,3,FAA-cooperative,35.92746,2.7833863011746445,100000,0,2761,27668,9.0035,391
4,4,2,1024,8,25000,4,0,Vyukov,52.186397,1.916208164361299,100000,0,49331,63931,15.928900000000034,391
4,4,2,1024,8,25000,4,2,CAS-bounded,40.658814,2.459491317184018,100000,17640,5702,42266,446.8468,391
4,4,2,1024,8,25000,4,1,PaddedFAA,45.725098,2.1869827375766366,100000,0,32156,50299,14.422400000000032,391
4,4,1,64,8,25000,4,0,Vyukov,14.815534,6.749672337156393,100000,0,0,25008,2.883,391
4,4,1,64,8,25000,4,3,FAA-cooperative,19.042968,5.251282258101783,100000,0,0,25008,4.4431,391
4,4,1,64,8,25000,4,2,CAS-bounded,15.439232,6.477006110148484,100000,0,0,25008,3.0778000000000008,391
4,4,1,64,8,25000,4,1,PaddedFAA,13.90294,7.19272326572653,100000,0,0,25008,2.6216000000000004,391
8,2,4,1024,8,25000,4,3,FAA-cooperative,80.864622,2.4732694601602168,200000,0,278090,308273,449.88473999999997,782
8,2,4,1024,8,25000,4,2,CAS-bounded,124.608932,1.6050213800082966,200000,204225,178605,402100,787.6225,782
8,2,4,1024,8,25000,4,1,PaddedFAA,102.36999,1.9536975631237241,200000,0,190904,223259,624.40346,782
8,2,4,1024,8,25000,4,0,Vyukov,108.325677,1.8462843301685528,200000,0,151095,182257,653.93663,782
4,4,4,1024,8,25000,4,0,Vyukov,65.677977,1.522580392511176,100000,0,70317,81915,31.22340000000008,391
4,4,4,1024,8,25000,4,1,PaddedFAA,54.183417,1.845583123707388,100000,0,74823,88405,28.59160000000014,391
4,4,4,1024,8,25000,4,3,FAA-cooperative,30.577111,3.270420151858035,100000,0,44261,68770,7.650500000000003,391
4,4,4,1024,8,25000,4,2,CAS-bounded,61.436132,1.6277066401250653,100000,157589,19614,179680,655.324,391
4,4,2,1024,1,25000,4,2,CAS-bounded,59.990429,1.666932570193822,100000,63121,26905,290034,631.3316,391
4,4,2,1024,1,25000,4,0,Vyukov,77.348726,1.2928461161726181,100000,0,140125,340133,9.04830000000002,391
4,4,2,1024,1,25000,4,1,PaddedFAA,60.732459,1.6465659656560259,100000,0,144747,344755,6.932000000000009,391
4,4,2,1024,1,25000,4,3,FAA-cooperative,47.79902,2.092093101490365,100000,0,29478,229486,3.1511000000000005,391
8,2,4,1024,1,25000,4,0,Vyukov,184.090485,1.0864222558813945,200000,0,757351,1157361,1072.89925,782
8,2,4,1024,1,25000,4,1,PaddedFAA,170.871034,1.170473399253849,200000,0,771462,1171472,1023.8080999999999,782
8,2,4,1024,1,25000,4,2,CAS-bounded,198.853893,1.0057635633012223,200000,442614,852358,1694982,1164.68118,782
8,2,4,1024,1,25000,4,3,FAA-cooperative,125.886973,1.588726738230492,200000,0,995307,1395317,728.25974,782
8,2,2,1024,1,25000,4,2,CAS-bounded,224.953522,0.8890725436163653,200000,221105,546935,1168050,1606.0812599999992,782
8,2,2,1024,1,25000,4,1,PaddedFAA,172.921562,1.1565937624366358,200000,0,656426,1056436,1083.4467699999998,782
8,2,2,1024,1,25000,4,0,Vyukov,190.924591,1.0475339973361524,200000,0,454906,854916,1111.0319,782
8,2,2,1024,1,25000,4,3,FAA-cooperative,143.558022,1.3931649183631132,200000,0,591725,991735,782.1771499999994,782
8,2,2,64,8,25000,4,3,FAA-cooperative,89.013637,2.246846738775543,200000,0,79345,109757,35.11639999999999,782
8,2,2,64,8,25000,4,0,Vyukov,120.613903,1.658183634103939,200000,0,88836,121776,73.39812999999998,782
8,2,2,64,8,25000,4,1,PaddedFAA,109.930503,1.8193312551294338,200000,0,80030,114191,70.15277999999991,782
8,2,2,64,8,25000,4,2,CAS-bounded,97.943405,2.0419955789774717,200000,58424,80436,171489,87.7323999999997,782
8,2,1,64,8,25000,4,2,CAS-bounded,31.550603,6.339023060827079,200000,0,37488,87498,13.002379999999999,782
8,2,1,64,8,25000,4,3,FAA-cooperative,34.731483,5.758464157721108,200000,0,58779,96819,16.136419999999998,782
8,2,1,64,8,25000,4,1,PaddedFAA,29.469476,6.78668327865755,200000,0,37488,87498,9.187749999999992,782
8,2,1,64,8,25000,4,0,Vyukov,29.916748,6.685218593946106,200000,0,37488,87498,9.586379999999998,782
8,2,1,1024,8,25000,4,0,Vyukov,29.418174,6.798518494043852,200000,0,37248,87258,174.83131999999975,782
8,2,1,1024,8,25000,4,2,CAS-bounded,31.609349,6.327241981478328,200000,0,37248,87258,177.43528,782
8,2,1,1024,8,25000,4,1,PaddedFAA,27.762851,7.2038711009903125,200000,0,37248,87258,156.79861999999997,782
8,2,1,1024,8,25000,4,3,FAA-cooperative,31.437008,6.3619285906597725,200000,0,58161,96399,167.00179999999997,782
8,2,2,1024,8,25000,4,2,CAS-bounded,95.032582,2.1045413666651718,200000,56782,84892,173290,612.5815899999999,782
8,2,2,1024,8,25000,4,0,Vyukov,122.73066,1.6295846530932043,200000,0,118281,151317,700.75783,782
8,2,2,1024,8,25000,4,1,PaddedFAA,104.24654,1.9185289027338461,200000,0,76017,110540,695.23096,782
8,2,2,1024,8,25000,4,3,FAA-cooperative,88.874941,2.2503531113455253,200000,0,77340,108218,547.6502399999998,782
4,4,4,64,8,25000,4,1,PaddedFAA,56.858759,1.7587439782145087,100000,0,58160,72262,19.8157,391
4,4,4,64,8,25000,4,2,CAS-bounded,61.586753,1.6237258035019317,100000,159204,17267,178968,57.029300000000035,391
4,4,4,64,8,25000,4,3,FAA-cooperative,32.524223,3.074631483125669,100000,0,41049,65345,7.5668,391
4,4,4,64,8,25000,4,0,Vyukov,64.757078,1.5442327400875004,100000,0,66851,78216,24.892100000000003,391
4,4,4,1024,1,25000,4,1,PaddedFAA,56.02758,1.7848352543515176,100000,0,45663,245671,6.382400000000016,391
4,4,4,1024,1,25000,4,2,CAS-bounded,68.346379,1.4631353037737376,100000,175041,14104,389153,731.3179,391
4,4,4,1024,1,25000,4,0,Vyukov,65.22006,1.5332705919007128,100000,0,30139,230147,8.059200000000002,391
4,4,4,1024,1,25000,4,3,FAA-cooperative,33.475095,2.9872954804161123,100000,0,25416,225424,3.5594000000000006,391
8,2,1,1024,1,25000,5,3,FAA-cooperative,43.206544,4.628928432692973,200000,0,595900,995910,245.96626,782
8,2,1,1024,1,25000,5,1,PaddedFAA,38.496094,5.195332284880643,200000,0,297954,697964,281.9449199999999,782
8,2,1,1024,1,25000,5,2,CAS-bounded,36.037873,5.54971709900859,200000,0,297954,697964,239.88863,782
8,2,1,1024,1,25000,5,0,Vyukov,42.430132,4.713631341047914,200000,0,297954,697964,387.56299,782
8,2,2,64,8,25000,5,2,CAS-bounded,104.898704,1.9066012483814863,200000,67630,76095,172072,67.50893999999987,782
8,2,2,64,8,25000,5,0,Vyukov,121.639667,1.6442004893025561,200000,0,84879,117831,69.06979999999994,782
8,2,2,64,8,25000,5,3,FAA-cooperative,85.007188,2.352742217516947,200000,0,77402,107863,33.79558999999999,782
8,2,2,64,8,25000,5,1,PaddedFAA,103.846399,1.9259213793248622,200000,0,90399,124385,61.08988999999991,782
8,2,2,1024,8,25000,5,1,PaddedFAA,102.736918,1.9467198733759952,200000,0,84966,119581,638.3243599999998,782
8,2,2,1024,8,25000,5,0,Vyukov,108.324561,1.8463033512778326,200000,0,133528,165041,623.8208099999999,782
8,2,2,1024,8,25000,5,2,CAS-bounded,100.853557,1.9830733387023722,200000,56466,99352,182890,595.5763199999998,782
8,2,2,1024,8,25000,5,3,FAA-cooperative,88.768544,2.2530503598211546,200000,0,182629,213109,465.3007699999999,782
8,2,4,64,1,25000,5,1,PaddedFAA,172.144806,1.1618125730729278,200000,0,738599,1138609,105.92546999999992,782
8,2,4,64,1,25000,5,3,FAA-cooperative,125.533764,1.5931968709231088,200000,0,993260,1393270,48.92256999999999,782
8,2,4,64,1,25000,5,2,CAS-bounded,223.789148,0.8936983843381002,200000,416477,881381,1697868,124.51085999999994,782
8,2,4,64,1,25000,5,0,Vyukov,192.259322,1.040261652436286,200000,0,774788,1174798,101.75808999999988,782
8,2,2,64,1,25000,5,1,PaddedFAA,186.484406,1.0724757329039083,200000,0,492432,892442,97.32670999999999,782
8,2,2,64,1,25000,5,0,Vyukov,188.990314,1.0582552923849844,200000,0,463275,863285,104.28527999999989,782
8,2,2,64,1,25000,5,2,CAS-bounded,228.338054,0.8758943001239732,200000,232930,530151,1163091,160.9111899999998,782
8,2,2,64,1,25000,5,3,FAA-cooperative,161.700972,1.2368509448415683,200000,0,596934,996944,62.11610999999999,782
4,4,2,1024,1,25000,5,2,CAS-bounded,60.408654,1.6553919575827662,100000,61505,21340,282853,627.3377,391
4,4,2,1024,1,25000,5,1,PaddedFAA,54.021047,1.8511303566552495,100000,0,124596,324604,5.09270000000002,391
4,4,2,1024,1,25000,5,0,Vyukov,75.637601,1.3220937559878452,100000,0,120579,320587,9.834900000000003,391
4,4,2,1024,1,25000,5,3,FAA-cooperative,42.023361,2.3796287974205583,100000,0,14932,214940,5.088900000000002,391
8,2,4,64,8,25000,5,3,FAA-cooperative,79.606393,2.512361036129347,200000,0,260541,290506,30.756069999999998,782
8,2,4,64,8,25000,5,1,PaddedFAA,105.001492,1.9047348393868537,200000,0,212983,243898,80.87828999999991,782
8,2,4,64,8,25000,5,0,Vyukov,109.333036,1.8292732674138859,200000,0,165352,196053,69.3139299999998,782
8,2,4,64,8,25000,5,2,CAS-bounded,131.232159,1.5240166855747608,200000,231546,152477,405380,76.69281999999995,782
8,2,2,1024,1,25000,5,2,CAS-bounded,218.152394,0.9167903057712949,200000,226961,527135,1154106,1403.4544099999994,782
8,2,2,1024,1,25000,5,1,PaddedFAA,172.011275,1.1627144790363306,200000,0,519233,919243,1078.78298,782
8,2,2,1024,1,25000,5,0,Vyukov,192.59683,1.0384386908133432,200000,0,466998,867008,1118.9125199999999,782
8,2,2,1024,1,25000,5,3,FAA-cooperative,157.241041,1.271932561168938,200000,0,592323,992333,879.5932699999998,782
4,4,4,1024,8,25000,5,1,PaddedFAA,57.681065,1.7336711796150088,100000,0,52573,67119,19.193100000000047,391
4,4,4,1024,8,25000,5,2,CAS-bounded,69.747842,1.4337361147316932,100000,155905,20380,179084,757.1054,391
4,4,4,1024,8,25000,5,0,Vyukov,61.845747,1.6169260596043895,100000,0,69408,79782,24.377400000000073,391
4,4,4,1024,8,25000,5,3,FAA-cooperative,33.832697,2.955720615474433,100000,0,34481,58930,9.509400000000001,391
4,4,2,64,1,25000,5,0,Vyukov,75.958497,1.3165084085326229,100000,0,136056,336064,9.854100000000003,391
4,4,2,64,1,25000,5,2,CAS-bounded,63.288036,1.5800774730945988,100000,58179,27986,286173,46.219600000000014,391
4,4,2,64,1,25000,5,3,FAA-cooperative,43.445125,2.3017542244383002,100000,0,19187,219195,3.7703,391
4,4,2,64,1,25000,5,1,PaddedFAA,59.095611,1.6921730447968462,100000,0,132583,332591,6.016600000000006,391
8,2,1,64,1,25000,5,1,PaddedFAA,37.811879,5.289343065971411,200000,0,299874,699884,17.992189999999997,782
8,2,1,64,1,25000,5,2,CAS-bounded,35.783398,5.589184123877783,200000,0,299874,699884,13.707379999999999,782
8,2,1,64,1,25000,5,0,Vyukov,40.233149,4.971025260786821,200000,0,299874,699884,17.829189999999997,782
8,2,1,64,1,25000,5,3,FAA-cooperative,45.549691,4.390809149506635,200000,0,599740,999750,23.25376,782
8,2,1,64,8,25000,5,3,FAA-cooperative,31.971056,6.255658242880686,200000,0,58779,96819,11.88819,782
8,2,1,64,8,25000,5,2,CAS-bounded,30.673214,6.520347036342524,200000,0,37488,87498,9.605749999999999,782
8,2,1,64,8,25000,5,0,Vyukov,30.663409,6.522431997042468,200000,0,37488,87498,13.009,782
8,2,1,64,8,25000,5,1,PaddedFAA,28.512031,7.014582721237923,200000,0,37488,87498,9.170269999999991,782
4,4,4,64,8,25000,5,0,Vyukov,64.579529,1.548478311137884,100000,0,71062,82071,23.988900000000037,391
4,4,4,64,8,25000,5,2,CAS-bounded,68.738892,1.4547805047541353,100000,159858,24587,186704,59.58450000000003,391
4,4,4,64,8,25000,5,1,PaddedFAA,56.879871,1.7580911883573014,100000,0,66827,80885,28.12800000000004,391
4,4,4,64,8,25000,5,3,FAA-cooperative,32.788542,3.0498458882374213,100000,0,31000,55336,7.712300000000001,391
4,4,2,64,8,25000,5,1,PaddedFAA,47.383014,2.110460934376188,100000,0,37008,54345,14.885400000000027,391
4,4,2,64,8,25000,5,2,CAS-bounded,37.135604,2.6928335405558506,100000,16787,5090,41404,36.48890000000005,391
4,4,2,64,8,25000,5,3,FAA-cooperative,35.657806,2.804435023287748,100000,0,1558,26502,18.533300000000004,391
4,4,2,64,8,25000,5,0,Vyukov,54.779007,1.8255168444364098,100000,0,79529,94267,20.066400000000026,391
8,2,4,1024,1,25000,5,1,PaddedFAA,172.406341,1.1600501399191576,200000,0,702843,1102853,1007.05167,782
8,2,4,1024,1,25000,5,2,CAS-bounded,202.738535,0.9864922817953676,200000,404268,795708,1599986,1201.75369,782
8,2,4,1024,1,25000,5,0,Vyukov,197.582508,1.0122353543563685,200000,0,738879,1138889,1166.0413599999997,782
8,2,4,1024,1,25000,5,3,FAA-cooperative,126.048342,1.5866928261539528,200000,0,1008963,1408973,702.50611,782
4,4,4,64,1,25000,5,0,Vyukov,66.565365,1.5022827562051226,100000,0,67224,267232,7.583500000000002,391
4,4,4,64,1,25000,5,1,PaddedFAA,56.961051,1.7555855842617791,100000,0,67288,267296,5.608000000000002,391
4,4,4,64,1,25000,5,3,FAA-cooperative,34.901056,2.865242816721649,100000,0,14377,214385,12.640100000000002,391
4,4,4,64,1,25000,5,2,CAS-bounded,64.592339,1.548171215784584,100000,175759,16040,391807,52.0816,391
8,2,4,1024,8,25000,5,1,PaddedFAA,101.416485,1.9720659811863919,200000,0,155693,188653,623.31486,782
8,2,4,1024,8,25000,5,3,FAA-cooperative,77.930196,2.5663992940554134,200000,0,226997,257094,448.45281,782
8,2,4,1024,8,25000,5,0,Vyukov,109.442561,1.8274426162231345,200000,0,156076,187706,695.8072799999995,782
8,2,4,1024,8,25000,5,2,CAS-bounded,113.718306,1.7587317911682574,200000,220305,127593,369084,705.5705599999998,782
4,4,1,64,8,25000,5,3,FAA-cooperative,18.105102,5.5233049777902385,100000,0,0,25008,4.1213,391
4,4,1,64,8,25000,5,0,Vyukov,16.659647,6.002528144804028,100000,0,0,25008,3.9093,391
4,4,1,64,8,25000,5,1,PaddedFAA,14.120354,7.081975423562327,100000,0,0,25008,2.7891,391
4,4,1,64,8,25000,5,2,CAS-bounded,15.56905,6.4229994765255425,100000,0,0,25008,2.9206000000000003,391
4,4,1,1024,1,25000,5,0,Vyukov,14.892036,6.714998540159318,100000,0,0,200008,0.45620000000000005,391
4,4,1,1024,1,25000,5,1,PaddedFAA,14.141246,7.071512651714,100000,0,0,200008,0.44420000000000004,391
4,4,1,1024,1,25000,5,2,CAS-bounded,16.816978,5.946371577580704,100000,0,0,200008,0.6465000000000003,391
4,4,1,1024,1,25000,5,3,FAA-cooperative,15.808539,6.325695246094532,100000,0,0,200008,0.47230000000000005,391
4,4,2,1024,8,25000,5,0,Vyukov,53.499891,1.8691626867052868,100000,0,48681,63258,17.037100000000024,391
4,4,2,1024,8,25000,5,2,CAS-bounded,40.231891,2.4855903492082936,100000,18129,7696,44338,435.6583,391
4,4,2,1024,8,25000,5,1,PaddedFAA,47.956754,2.085212022481755,100000,0,33392,51012,12.497500000000018,391
4,4,2,1024,8,25000,5,3,FAA-cooperative,35.830279,2.790935565977591,100000,0,3008,27899,16.7467,391
4,4,1,1024,8,25000,5,1,PaddedFAA,15.425455,6.482790945226575,100000,0,0,25008,4.956100000000002,391
4,4,1,1024,8,25000,5,0,Vyukov,14.728746,6.789444260903134,100000,0,0,25008,2.7552,391
4,4,1,1024,8,25000,5,3,FAA-cooperative,15.815188,6.32303580583424,100000,0,0,25008,2.8999000000000006,391
4,4,1,1024,8,25000,5,2,CAS-bounded,15.398573,6.494108252758227,100000,0,0,25008,2.77,391
8,2,1,1024,8,25000,5,1,PaddedFAA,28.557238,7.003478417625682,200000,0,37248,87258,163.94322,782
8,2,1,1024,8,25000,5,3,FAA-cooperative,35.56588,5.623367114774047,200000,0,58161,96399,260.29870999999997,782
8,2,1,1024,8,25000,5,2,CAS-bounded,30.48533,6.5605325577909115,200000,0,37248,87258,164.6494299999994,782
8,2,1,1024,8,25000,5,0,Vyukov,29.933011,6.681586426437354,200000,0,37248,87258,171.34861999999958,782
4,4,4,1024,1,25000,5,3,FAA-cooperative,33.955448,2.945035506526081,100000,0,34449,234457,9.060799999999999,391
4,4,4,1024,1,25000,5,1,PaddedFAA,58.460572,1.7105545939577875,100000,0,46973,246981,6.434300000000002,391
4,4,4,1024,1,25000,5,0,Vyukov,65.474929,1.5273021525536896,100000,0,36604,236612,5.719500000000007,391
4,4,4,1024,1,25000,5,2,CAS-bounded,64.250768,1.5564016293159328,100000,183914,11313,395235,693.3685,391
4,4,1,64,1,25000,5,0,Vyukov,16.818862,5.945705482332872,100000,0,0,200008,0.6473000000000003,391
4,4,1,64,1,25000,5,3,FAA-cooperative,16.604589,6.022431509747094,100000,0,0,200008,0.516,391
4,4,1,64,1,25000,5,2,CAS-bounded,17.439233,5.734197140436165,100000,0,0,200008,0.593,391
4,4,1,64,1,25000,5,1,PaddedFAA,13.510538,7.401629750051404,100000,0,0,200008,0.4791,391
4,4,1,1024,8,25000,6,0,Vyukov,15.233052,6.564672660475392,100000,0,0,25008,2.8901,391
4,4,1,1024,8,25000,6,1,PaddedFAA,14.554647,6.870657873049068,100000,0,0,25008,2.765,391
4,4,1,1024,8,25000,6,3,FAA-cooperative,17.172978,5.823101852223884,100000,0,0,25008,3.0900000000000003,391
4,4,1,1024,8,25000,6,2,CAS-bounded,15.785047,6.335109423494273,100000,0,0,25008,3.0826000000000002,391
8,2,4,64,8,25000,6,0,Vyukov,114.875508,1.741015151811124,200000,0,173963,205115,86.33796999999986,782
8,2,4,64,8,25000,6,2,CAS-bounded,117.878652,1.6966600534251104,200000,233952,135715,391174,78.31164999999991,782
8,2,4,64,8,25000,6,1,PaddedFAA,103.521339,1.9319688281852692,200000,0,158622,191076,67.42132,782
8,2,4,64,8,25000,6,3,FAA-cooperative,78.017641,2.563522780700329,200000,0,250837,280762,30.075539999999997,782
8,2,2,1024,8,25000,6,3,FAA-cooperative,90.02976,2.2214876503058543,200000,0,70353,101787,548.53843,782
8,2,2,1024,8,25000,6,0,Vyukov,126.211644,1.5846398451160337,200000,0,91196,124653,714.1344599999998,782
8,2,2,1024,8,25000,6,2,CAS-bounded,105.24803,1.900273097748243,200000,53860,109914,188429,611.1628399999997,782
8,2,2,1024,8,25000,6,1,PaddedFAA,99.661464,2.006793719185181,200000,0,89549,124007,581.06954,782
4,4,2,64,1,25000,6,1,PaddedFAA,53.485543,1.8696641071775226,100000,0,106616,306624,5.062100000000004,391
4,4,2,64,1,25000,6,0,Vyukov,79.016341,1.265561005919016,100000,0,123337,323345,8.219900000000003,391
4,4,2,64,1,25000,6,3,FAA-cooperative,44.386236,2.2529506669590096,100000,0,37298,237306,3.595700000000001,391
4,4,2,64,1,25000,6,2,CAS-bounded,58.417576,1.7118135815837343,100000,57026,30084,287118,42.7662,391
8,2,4,1024,8,25000,6,3,FAA-cooperative,75.338618,2.6546810295883048,200000,0,223945,253922,405.60596,782
8,2,4,1024,8,25000,6,1,PaddedFAA,103.662915,1.9293302720649907,200000,0,160610,193102,622.7973599999998,782
8,2,4,1024,8,25000,6,0,Vyukov,105.370949,1.898056360866599,200000,0,152158,183613,643.8895799999997,782
8,2,4,1024,8,25000,6,2,CAS-bounded,127.670683,1.5665303521561016,200000,201663,194599,414178,813.2570400000001,782
4,4,4,1024,8,25000,6,0,Vyukov,62.868429,1.590623490846256,100000,0,84229,94622,20.881800000000002,391
4,4,4,1024,8,25000,6,1,PaddedFAA,58.282959,1.7157673823664306,100000,0,59714,74039,27.6654,391
4,4,4,1024,8,25000,6,2,CAS-bounded,64.981906,1.5388899180642686,100000,156729,23668,182517,706.2902,391
4,4,4,1024,8,25000,6,3,FAA-cooperative,32.886087,3.0407995940654176,100000,0,16658,41151,14.5579,391
8,2,1,64,1,25000,6,1,PaddedFAA,39.140207,5.10983500930386,200000,0,299874,699884,23.183,782
8,2,1,64,1,25000,6,3,FAA-cooperative,42.121201,4.748202692511071,200000,0,599740,999750,16.7629,782
8,2,1,64,1,25000,6,0,Vyukov,39.8971,5.012895674121678,200000,0,299874,699884,16.976,782
8,2,1,64,1,25000,6,2,CAS-bounded,36.050702,5.547742177114887,200000,0,299874,699884,14.45338,782
4,4,1,64,1,25000,6,0,Vyukov,14.9825,6.6744535291173035,100000,0,0,200008,0.47790000000000044,391
4,4,1,64,1,25000,6,1,PaddedFAA,14.573925,6.861569549726652,100000,0,0,200008,0.5160000000000002,391
4,4,1,64,1,25000,6,2,CAS-bounded,18.229584,5.485588700213894,100000,0,0,200008,0.637,391
4,4,1,64,1,25000,6,3,FAA-cooperative,17.306378,5.778216562703069,100000,0,0,200008,0.6963,391
8,2,4,64,1,25000,6,3,FAA-cooperative,122.871031,1.62772297401818,200000,0,968510,1368520,47.14822999999999,782
8,2,4,64,1,25000,6,2,CAS-bounded,214.253695,0.9334728159530691,200000,415818,854433,1670261,120.0978,782
8,2,4,64,1,25000,6,1,PaddedFAA,169.754063,1.178175040205076,200000,0,714928,1114938,99.44755999999994,782
8,2,4,64,1,25000,6,0,Vyukov,198.608742,1.0070050189432245,200000,0,783069,1183079,101.55330999999997,782
4,4,2,1024,1,25000,6,3,FAA-cooperative,44.119055,2.2665943320862154,100000,0,18599,218607,12.398900000000003,391
4,4,2,1024,1,25000,6,1,PaddedFAA,54.470615,1.8358522296838395,100000,0,82695,282703,4.731400000000014,391
4,4,2,1024,1,25000,6,2,CAS-bounded,58.255998,1.716561443166762,100000,52365,23570,275943,604.4490999999999,391
4,4,2,1024,1,25000,6,0,Vyukov,81.388669,1.2286722614913386,100000,0,188835,388843,10.686200000000008,391
4,4,4,64,1,25000,6,2,CAS-bounded,67.970803,1.4712199295335675,100000,171543,16443,387994,52.12,391
4,4,4,64,1,25000,6,1,PaddedFAA,64.610349,1.5477396662878264,100000,0,33243,233251,8.36790000000001,391
4,4,4,64,1,25000,6,0,Vyukov,64.324517,1.554617192073125,100000,0,81310,281318,8.339700000000002,391
4,4,4,64,1,25000,6,3,FAA-cooperative,35.874051,2.787530184422161,100000,0,29207,229215,3.9257000000000004,391
4,4,1,1024,1,25000,6,2,CAS-bounded,14.961597,6.683778476321746,100000,0,0,200008,0.467,391
4,4,1,1024,1,25000,6,0,Vyukov,15.298223,6.53670691033854,100000,0,0,200008,0.5261000000000007,391
4,4,1,1024,1,25000,6,1,PaddedFAA,14.360932,6.963336362848874,100000,0,0,200008,0.45910000000000023,391
4,4,1,1024,1,25000,6,3,FAA-cooperative,16.516982,6.054374824650169,100000,0,0,200008,0.517,391
8,2,2,1024,1,25000,6,3,FAA-cooperative,151.724604,1.3181777689793805,200000,0,592154,992164,835.64929,782
8,2,2,1024,1,25000,6,2,CAS-bounded,221.863749,0.9014541623021073,200000,213412,549258,1162680,1523.2528899999998,782
8,2,2,1024,1,25000,6,0,Vyukov,198.308557,1.0085293495428944,200000,0,475729,875739,1217.03122,782
8,2,2,1024,1,25000,6,1,PaddedFAA,177.751465,1.1251665351956452,200000,0,511262,911272,1044.5547,782
8,2,2,64,8,25000,6,3,FAA-cooperative,84.031871,2.380049350561289,200000,0,68174,98913,35.93237,782
8,2,2,64,8,25000,6,2,CAS-bounded,99.60642,2.007902703460279,200000,54648,103585,184260,64.52601999999987,782
8,2,2,64,8,25000,6,1,PaddedFAA,98.70395,2.0262613603609583,200000,0,121809,155752,55.20221,782
8,2,2,64,8,25000,6,0,Vyukov,119.338672,1.675902678052258,200000,0,90065,122024,67.56929999999997,782
8,2,1,1024,1,25000,6,2,CAS-bounded,35.135786,5.692202246450385,200000,0,297954,697964,215.45527999999973,782
8,2,1,1024,1,25000,6,1,PaddedFAA,38.271464,5.225825696137467,200000,0,297954,697964,262.9626499999996,782
8,2,1,1024,1,25000,6,3,FAA-cooperative,43.269996,4.622140478127153,200000,0,595900,995910,241.23073000000002,782
8,2,1,1024,1,25000,6,0,Vyukov,42.976011,4.65375904711119,200000,0,297954,697964,390.2803199999993,782
8,2,1,1024,8,25000,6,3,FAA-cooperative,36.019582,5.5525352848347875,200000,0,58161,96399,268.87431,782
8,2,1,1024,8,25000,6,1,PaddedFAA,30.503749,6.556571128355404,200000,0,37248,87258,186.69004999999999,782
8,2,1,1024,8,25000,6,0,Vyukov,29.06315,6.8815665198025675,200000,0,37248,87258,156.7133999999993,782
8,2,1,1024,8,25000,6,2,CAS-bounded,30.9028,6.471905458405064,200000,0,37248,87258,180.62279999999998,782
4,4,1,64,8,25000,6,1,PaddedFAA,15.836791,6.3144105393573735,100000,0,0,25008,3.7564,391
4,4,1,64,8,25000,6,3,FAA-cooperative,15.33854,6.519525326400036,100000,0,0,25008,3.0353000000000003,391
4,4,1,64,8,25000,6,0,Vyukov,15.496567,6.453042147980259,100000,0,0,25008,3.9212,391
4,4,1,64,8,25000,6,2,CAS-bounded,16.461145,6.074911556881371,100000,0,0,25008,3.9565000000000006,391
4,4,4,64,8,25000,6,0,Vyukov,66.428988,1.505366903978727,100000,0,82459,93300,17.05420000000007,391
4,4,4,64,8,25000,6,2,CAS-bounded,66.154116,1.5116217409662007,100000,157860,21024,181283,57.94190000000006,391
4,4,4,64,8,25000,6,3,FAA-cooperative,33.004957,3.0298479104214557,100000,0,47384,71805,17.245900000000006,391
4,4,4,64,8,25000,6,1,PaddedFAA,57.70776,1.7328692016463643,100000,0,54828,69506,21.783200000000086,391
8,2,2,64,1,25000,6,2,CAS-bounded,224.222732,0.8919702218238961,200000,226786,546007,1172803,154.51678999999976,782
8,2,2,64,1,25000,6,1,PaddedFAA,170.451136,1.173356802972554,200000,0,502698,902708,112.46659999999933,782
8,2,2,64,1,25000,6,0,Vyukov,192.653144,1.038135147174136,200000,0,504838,904848,104.2845999999999,782
8,2,2,64,1,25000,6,3,FAA-cooperative,162.520452,1.230614347540702,200000,0,596488,996498,62.58477,782
8,2,4,1024,1,25000,6,3,FAA-cooperative,124.915595,1.6010811140114252,200000,0,985871,1385881,680.47871,782
8,2,4,1024,1,25000,6,1,PaddedFAA,170.179822,1.1752274602802206,200000,0,707631,1107641,1022.6542,782
8,2,4,1024,1,25000,6,2,CAS-bounded,202.302461,0.9886187197693063,200000,427609,861725,1689344,1209.28309,782
8,2,4,1024,1,25000,6,0,Vyukov,190.154428,1.0517767169744794,200000,0,807328,1207338,1089.79361,782
8,2,1,64,8,25000,6,1,PaddedFAA,29.367727,6.8101967850627325,200000,0,37488,87498,12.384,782
8,2,1,64,8,25000,6,2,CAS-bounded,31.575126,6.334099822752885,200000,0,37488,87498,9.58219,782
8,2,1,64,8,25000,6,3,FAA-cooperative,32.172013,6.216583339065541,200000,0,58779,96819,11.91576,782
8,2,1,64,8,25000,6,0,Vyukov,33.044556,6.052434174028545,200000,0,37488,87498,14.018,782
4,4,4,1024,1,25000,6,2,CAS-bounded,69.501055,1.4388270796752654,100000,168792,15997,384797,742.2674000000001,391
4,4,4,1024,1,25000,6,3,FAA-cooperative,31.123825,3.212972698567737,100000,0,22115,222123,13.76200000000005,391
4,4,4,1024,1,25000,6,0,Vyukov,63.095813,1.5848912193270257,100000,0,58647,258655,6.854200000000006,391
4,4,4,1024,1,25000,6,1,PaddedFAA,58.675298,1.7042947101862185,100000,0,30177,230185,7.325000000000008,391
4,4,2,64,8,25000,6,3,FAA-cooperative,34.350405,2.911173827499268,100000,0,2470,27385,9.044800000000002,391
4,4,2,64,8,25000,6,0,Vyukov,51.734078,1.9329618670308573,100000,0,43981,58791,15.827900000000009,391
4,4,2,64,8,25000,6,1,PaddedFAA,48.261729,2.0720351730457067,100000,0,34686,52883,17.238400000000052,391
4,4,2,64,8,25000,6,2,CAS-bounded,43.008224,2.3251366994368334,100000,18937,8258,45476,38.072200000000024,391
4,4,2,1024,8,25000,6,0,Vyukov,51.540744,1.9402125821078562,100000,0,51477,66298,19.00420000000006,391
4,4,2,1024,8,25000,6,2,CAS-bounded,39.562032,2.5276760303919676,100000,19197,7056,44512,437.5083,391
4,4,2,1024,8,25000,6,3,FAA-cooperative,35.833559,2.790680099623931,100000,0,2931,27819,9.8443,391
4,4,2,1024,8,25000,6,1,PaddedFAA,49.437078,2.0227732715109092,100000,0,35467,52834,14.656400000000025,391
